pagePath,pageTitle,pageviews,uniquePageviews
/,"Digital Skills & Coding Academy - Edinburgh, Glasgow & Inverness - CodeClan",3451,2646
/ vacancies,Page not found - CodeClan,1,1
/?elementor-preview=15&ver=1585034710,"Digital Skills & Coding Academy - Edinburgh, Glasgow & Inverness - CodeClan",1,1
/?elementor-preview=15&ver=1585647616,"Digital Skills & Coding Academy - Edinburgh, Glasgow & Inverness - CodeClan",1,1
/?elementor-preview=15&ver=1585818881,"Digital Skills & Coding Academy - Edinburgh, Glasgow & Inverness - CodeClan",1,1
/?elementor-preview=15&ver=1585821360,"Digital Skills & Coding Academy - Edinburgh, Glasgow & Inverness - CodeClan",1,1
/?elementor-preview=15&ver=1585914415,"Digital Skills & Coding Academy - Edinburgh, Glasgow & Inverness - CodeClan",1,1
/?elementor-preview=15&ver=1585921203,"Digital Skills & Coding Academy - Edinburgh, Glasgow & Inverness - CodeClan",1,1
/?elementor-preview=15&ver=1586186283,"Digital Skills & Coding Academy - Edinburgh, Glasgow & Inverness - CodeClan",1,1
/?elementor-preview=15&ver=1586267988,"Digital Skills & Coding Academy - Edinburgh, Glasgow & Inverness - CodeClan",1,1
/?elementor-preview=15&ver=1586274910,"Digital Skills & Coding Academy - Edinburgh, Glasgow & Inverness - CodeClan",1,1
/?elementor-preview=15&ver=1586275250,"Digital Skills & Coding Academy - Edinburgh, Glasgow & Inverness - CodeClan",1,1
/?elementor-preview=15&ver=1586275350,"Digital Skills & Coding Academy - Edinburgh, Glasgow & Inverness - CodeClan",1,1
/?elementor-preview=15&ver=1586276201,"Digital Skills & Coding Academy - Edinburgh, Glasgow & Inverness - CodeClan",1,1
/?elementor-preview=15&ver=1586334771,"Digital Skills & Coding Academy - Edinburgh, Glasgow & Inverness - CodeClan",1,1
/?elementor-preview=15&ver=1586428031,"Digital Skills & Coding Academy - Edinburgh, Glasgow & Inverness - CodeClan",1,1
/?elementor-preview=15&ver=1586429754,"Digital Skills & Coding Academy - Edinburgh, Glasgow & Inverness - CodeClan",1,1
/?elementor-preview=15&ver=1586445756,"Digital Skills & Coding Academy - Edinburgh, Glasgow & Inverness - CodeClan",1,1
/?fbclid=IwAR02B_2DT64cGCdVPC8Mgo_iwfq9dtZbSgp6lX82p0oYvdUS1zopV6qJL1I,"Digital Skills & Coding Academy - Edinburgh, Glasgow & Inverness - CodeClan",1,1
/?fbclid=IwAR03PaAfgT-aDwgz3_p3NPt6RKAPaxIBOywg06lrOcCB-ogOUEIKiRf2sww,"Digital Skills & Coding Academy - Edinburgh, Glasgow & Inverness - CodeClan",1,1
/?fbclid=IwAR03QwZGtd5IVXqq1MLI_UNWV68madCw6Zmj7K6jepJJfT0VM0gX3GTWHa4,"Digital Skills & Coding Academy - Edinburgh, Glasgow & Inverness - CodeClan",1,1
/?fbclid=IwAR0G1buZtWs5B_i0ZgSxlux_GSSHmr3fH-CZ9dEnGo88yXuDoex_P1XL368,"Digital Skills & Coding Academy - Edinburgh, Glasgow & Inverness - CodeClan",1,1
/?fbclid=IwAR0g4231OuwsPCs12nPJxnFXXkkyw7kZ4sGsvK4zaq3TmoOMwJGJb2I5clQ,"Digital Skills & Coding Academy - Edinburgh, Glasgow & Inverness - CodeClan",1,1
/?fbclid=IwAR0hbvK9hSHFCYtmJFNShYdiY5B2Qwg6GNWWRuH-f8dLBuj_gLBTnY0Qsp4,"Digital Skills & Coding Academy - Edinburgh, Glasgow & Inverness - CodeClan",1,1
/?fbclid=IwAR0HseHyGIIefGFGGmbUVgaCRUJuNn-GR5AHV79bLSeWy95rexPFF-7D7l0,"Digital Skills & Coding Academy - Edinburgh, Glasgow & Inverness - CodeClan",1,1
/?fbclid=IwAR0K65zd3Mrc-NlBWpR-bLGApKiYnyTI7ju1xTOcDRFdWmniW9a7yzvodG8,"Digital Skills & Coding Academy - Edinburgh, Glasgow & Inverness - CodeClan",1,1
/?fbclid=IwAR0OONVgubcjOtnloierKL0y3X0eHuHN0EwYaar5PVN5ph2sRPBex1CeeRg,"Digital Skills & Coding Academy - Edinburgh, Glasgow & Inverness - CodeClan",1,1
/?fbclid=IwAR0PWZSy4gP3PKqwKjcspgjB8Yfc1Bx2UZfCnSi9TDt5U3dExznBKX6Pwks,"Digital Skills & Coding Academy - Edinburgh, Glasgow & Inverness - CodeClan",1,1
/?fbclid=IwAR0Whe6g47X5uWxAsuTIIu7d3Pmnszz_i3TRtxicXk-H1cgdfIQxWkYrz3I,"Digital Skills & Coding Academy - Edinburgh, Glasgow & Inverness - CodeClan",1,1
/?fbclid=IwAR0WUkFNpZbExI0_3QKsodXcNsx4aLcy0RoNMkj0EL-xWK7_fpG4MhxaWQQ,"Digital Skills & Coding Academy - Edinburgh, Glasgow & Inverness - CodeClan",1,1
/?fbclid=IwAR0YWNL0hekxIjPIXZOynj5zj8_w1-rN3tvgoDlT0_UvogN0nGJhxZO63Lc,"Digital Skills & Coding Academy - Edinburgh, Glasgow & Inverness - CodeClan",1,1
/?fbclid=IwAR12Rh4a7sUnQ1f0XoPHK4Iova6_u-EolCiUpIARoYR3SIeeMx2D0LVvuRo,"Digital Skills & Coding Academy - Edinburgh, Glasgow & Inverness - CodeClan",1,1
/?fbclid=IwAR14cjCSjjh7SaIyqccvN75QHz4N-uQgUdmwa3XsG34ajy63f0u1knlL3so,"Digital Skills & Coding Academy - Edinburgh, Glasgow & Inverness - CodeClan",1,1
/?fbclid=IwAR1dy-jF4bSiNqX3LZs_GnBHIrozf7u_C5Oy3Nu7lp4hRpQsAH25Rkbthn4,"Digital Skills & Coding Academy - Edinburgh, Glasgow & Inverness - CodeClan",2,1
/?fbclid=IwAR1dz7z_lfsAD9-fQVM1FmUnIFgKngEozjUbL8qyJoUN5c0ICjSh3xWkbSs,"Digital Skills & Coding Academy - Edinburgh, Glasgow & Inverness - CodeClan",1,1
/?fbclid=IwAR1e1TBLZBZvDZ6PEBpV0El6aMKAtbFlfv88Dk-hGJRK0-rgPXRaDITF3f8,"Digital Skills & Coding Academy - Edinburgh, Glasgow & Inverness - CodeClan",1,1
/?fbclid=IwAR1h-Fn0mhsJi2LE9bdTQPAXZzdWO6MhFgN3u6PU_93Vi8_uVCcuLj42ZtE,"Digital Skills & Coding Academy - Edinburgh, Glasgow & Inverness - CodeClan",1,1
/?fbclid=IwAR1Mnotu6FjsEJ-rIwb8yNWTguIG9mkQbQnSezDxtfnu7ehoCL4nVisA5WU,"Digital Skills & Coding Academy - Edinburgh, Glasgow & Inverness - CodeClan",1,1
/?fbclid=IwAR1MxstscSxIShfUyXGEc9G_FBfhZhWWfY08PLVVGcMjf-DTx0pf-oNFjS8,"Digital Skills & Coding Academy - Edinburgh, Glasgow & Inverness - CodeClan",1,1
/?fbclid=IwAR1StNZkxWyJ9z3CKTHqv7fL5v5n86sRa9P1RHQO3wLmOQY3MwsGi_3FOdU,"Digital Skills & Coding Academy - Edinburgh, Glasgow & Inverness - CodeClan",1,1
/?fbclid=IwAR1UMue9QzmddhVhUT6IaZ9nlmo9i_h7ocs_yTtfe95VxXTLIrPU55KNCyI,"Digital Skills & Coding Academy - Edinburgh, Glasgow & Inverness - CodeClan",1,1
/?fbclid=IwAR1z3wR7hAsuEZwyA04O_jUnprLYDgaRA5LfMugaFbp6UYq4SxV1f858d5k,"Digital Skills & Coding Academy - Edinburgh, Glasgow & Inverness - CodeClan",5,1
/?fbclid=IwAR20bfNT18U12EZUTxm9n2rPhpgiusgLyryWiBiFH_admdajZBH83-IdBc0,"Digital Skills & Coding Academy - Edinburgh, Glasgow & Inverness - CodeClan",1,1
/?fbclid=IwAR2gNHKYqxShSlqrDRMCIQ2_R2Ud-B_vJq-qVvEd5UqFhuwZVnQMJ6mUuX0,"Digital Skills & Coding Academy - Edinburgh, Glasgow & Inverness - CodeClan",1,1
/?fbclid=IwAR2HQBOgMLNw-NmzaElOl_iqEoM1QgyUXa9CxLl1Vn7Bo2WDjRspP2m44bA,"Digital Skills & Coding Academy - Edinburgh, Glasgow & Inverness - CodeClan",1,1
/?fbclid=IwAR2i5lR5cS3wT8a9tKVSABiUBpZldiUhkcT43Z1ccod7y3rx3guVkqpqdTQ,"Digital Skills & Coding Academy - Edinburgh, Glasgow & Inverness - CodeClan",1,1
/?fbclid=IwAR2rrqq7TCLzZoKmAD3VQRZY6kdN3Zt3Eg_diQn5LQMupF2h0lz71pXlj1s,"Digital Skills & Coding Academy - Edinburgh, Glasgow & Inverness - CodeClan",1,1
/?fbclid=IwAR2TBHerYfBJdfRF0iUJ1U7upymUqKKnlNBpvPYmrBNf6v7OySKgg4W2NhQ,"Digital Skills & Coding Academy - Edinburgh, Glasgow & Inverness - CodeClan",1,1
/?fbclid=IwAR2Yv4M8T6QC9cY6yTpfhFF8TtsIv4ARTindbSo4KOpPRCLuZUYMvVOP4Ls,"Digital Skills & Coding Academy - Edinburgh, Glasgow & Inverness - CodeClan",1,1
/?fbclid=IwAR30vLNlgo2mnko2iebK6_QXyNUePtUv4Fjw5ospclU4QOtGzHou8in28cs,"Digital Skills & Coding Academy - Edinburgh, Glasgow & Inverness - CodeClan",1,1
/?fbclid=IwAR37uLU5hLBvoQcIseEYia2M-jkKcu7cMkJgenp1Zq8b_8GTjNM4v74GE8U,"Digital Skills & Coding Academy - Edinburgh, Glasgow & Inverness - CodeClan",1,1
/?fbclid=IwAR3A1iOt7APqRLca-EuAHi1QU5U1ViE50UlsTMZEw4fiQrRT2uw9G4CThqg,"Digital Skills & Coding Academy - Edinburgh, Glasgow & Inverness - CodeClan",1,1
/?fbclid=IwAR3aYpThszRQNGl8ZOVB6olIBRISOSXFOGOKqpL9TRk0vUxrOMF5rh8sHFI,"Digital Skills & Coding Academy - Edinburgh, Glasgow & Inverness - CodeClan",1,1
/?fbclid=IwAR3dQFpueXbHlhXGy6Bo7QmCr281hSF1ZjlaeUtLwfxblMIw9FjulS5fs44,"Digital Skills & Coding Academy - Edinburgh, Glasgow & Inverness - CodeClan",1,1
/?fbclid=IwAR3NttRWsZH0eKTBrWS0C2ORWH6WMt6FmAlnn_bv3HdcxSI1VP6P4y5-HgY,"Digital Skills & Coding Academy - Edinburgh, Glasgow & Inverness - CodeClan",1,1
/?fbclid=IwAR3x2j69jFuMVt6UHDWKiGHuoDgIW8n2_CSBTt0bhe4H-GV7484xowT7XC4,"Digital Skills & Coding Academy - Edinburgh, Glasgow & Inverness - CodeClan",1,1
/?fbclid=IwAR3ze71-NdE8sOnBGaC05V3yH08M-K0hPRhxT9N50MVlmMkdeBH49o91ME0,"Digital Skills & Coding Academy - Edinburgh, Glasgow & Inverness - CodeClan",1,1
/?page_id=25885,14-week Data Analysis course | CodeClan,1,1
/?page_id=25885,Page not found - CodeClan,5,1
/?page_id=26678&elementor-preview=26678&ver=1585821261,"Digital Skills & Coding Academy - Edinburgh, Glasgow & Inverness - CodeClan",1,1
/?page_id=27010&elementor-preview=27010&ver=1586352120,2020 NEW Short Course - CodeClan,1,1
/?page_id=27010&preview=true,2020 NEW Short Course - CodeClan,5,1
/?page_id=27160&elementor-preview=27160&ver=1586858166,Thank you for joining How Software Applications Work - CodeClan,1,1
/?page_id=27201&elementor-preview=27201&ver=1586868989,Thank you for joining Managing Growth with Agile - CodeClan,1,1
/?preview_id=15&preview_nonce=1cc4841a2d&preview=true,"Digital Skills & Coding Academy - Edinburgh, Glasgow & Inverness - CodeClan",35,1
/?preview_id=15&preview_nonce=2cb5c4c97b&preview=true,"Digital Skills & Coding Academy - Edinburgh, Glasgow & Inverness - CodeClan",21,1
/?preview_id=15&preview_nonce=3ed0172b15&preview=true,"Digital Skills & Coding Academy - Edinburgh, Glasgow & Inverness - CodeClan",23,2
/?preview_id=15&preview_nonce=5381703789&preview=true,"Digital Skills & Coding Academy - Edinburgh, Glasgow & Inverness - CodeClan",2,1
/?preview_id=15&preview_nonce=6bccb18d6e&preview=true,"Digital Skills & Coding Academy - Edinburgh, Glasgow & Inverness - CodeClan",1,1
/?preview_id=15&preview_nonce=98d2c537ed&preview=true,"Digital Skills & Coding Academy - Edinburgh, Glasgow & Inverness - CodeClan",1,1
/?preview_id=15&preview_nonce=b8c7df1ea3&preview=true,"Digital Skills & Coding Academy - Edinburgh, Glasgow & Inverness - CodeClan",6,1
/?ref=hexometer,"Digital Skills & Coding Academy - Edinburgh, Glasgow & Inverness - CodeClan",1,1
/?s=booklet,You searched for booklet - CodeClan,1,1
/?s=Booklet,You searched for Booklet - CodeClan,2,2
/?s=Coronovirus+,You searched for Coronovirus - CodeClan,3,2
/?s=intro+to+programming,You searched for intro to programming - CodeClan,1,1
/?s=lillian+hicks,You searched for lillian hicks - CodeClan,1,1
/?s=meet+our+team,You searched for meet our team - CodeClan,1,1
/?s=meet+the+team,You searched for meet the team - CodeClan,2,2
/?s=neu,You searched for neu - CodeClan,1,1
/?s=vicky,You searched for vicky - CodeClan,2,1
/?s=vivky,You searched for vivky - CodeClan,1,1
/15668-2/,Page not found - CodeClan,1,1
/2020-new-data-analysis/,2020 NEW Data Analysis - CodeClan,498,77
/2020-new-data-analysis/,Page not found - CodeClan,8,8
/2020-new-data-analysis/?elementor-preview=26451&ver=1585066800,2020 NEW Data Analysis - CodeClan,1,1
/2020-new-data-analysis/?elementor-preview=26451&ver=1585067130,2020 NEW Data Analysis - CodeClan,1,1
/2020-new-data-analysis/?elementor-preview=26451&ver=1585068262,2020 NEW Data Analysis - CodeClan,1,1
/2020-new-data-analysis/?elementor-preview=26451&ver=1585131685,2020 NEW Data Analysis - CodeClan,1,1
/2020-new-data-analysis/?elementor-preview=26451&ver=1585137329,2020 NEW Data Analysis - CodeClan,1,1
/2020-new-data-analysis/?elementor-preview=26451&ver=1585147354,2020 NEW Data Analysis - CodeClan,1,1
/2020-new-data-analysis/?elementor-preview=26451&ver=1585149388,2020 NEW Data Analysis - CodeClan,1,1
/2020-new-data-analysis/?elementor-preview=26451&ver=1585149750,2020 NEW Data Analysis - CodeClan,1,1
/2020-new-data-analysis/?elementor-preview=26451&ver=1585151490,2020 NEW Data Analysis - CodeClan,1,1
/2020-new-data-analysis/?elementor-preview=26451&ver=1585155071,2020 NEW Data Analysis - CodeClan,1,1
/2020-new-data-analysis/?elementor-preview=26451&ver=1585231421,2020 NEW Data Analysis - CodeClan,1,1
/2020-new-data-analysis/?elementor-preview=26451&ver=1585304692,2020 NEW Data Analysis - CodeClan,1,1
/2020-new-data-analysis/?elementor-preview=26451&ver=1585557634,2020 NEW Data Analysis - CodeClan,1,1
/2020-new-data-analysis/?elementor-preview=26451&ver=1585583167,2020 NEW Data Analysis - CodeClan,1,1
/2020-new-data-analysis/?elementor-preview=26451&ver=1585583930,2020 NEW Data Analysis - CodeClan,1,1
/2020-new-data-analysis/?elementor-preview=26451&ver=1585585366,2020 NEW Data Analysis - CodeClan,1,1
/2020-new-data-analysis/?elementor-preview=26451&ver=1585651460,2020 NEW Data Analysis - CodeClan,1,1
/2020-new-data-analysis/?elementor-preview=26451&ver=1585661619,2020 NEW Data Analysis - CodeClan,1,1
/2020-new-data-analysis/?elementor-preview=26451&ver=1585733073,2020 NEW Data Analysis - CodeClan,1,1
/2020-new-data-analysis/?elementor-preview=26451&ver=1585747797,2020 NEW Data Analysis - CodeClan,1,1
/2020-new-data-analysis/?elementor-preview=26451&ver=1585817649,2020 NEW Data Analysis - CodeClan,1,1
/2020-new-data-analysis/?elementor-preview=26451&ver=1585906712,2020 NEW Data Analysis - CodeClan,1,1
/2020-new-data-analysis/?elementor-preview=26451&ver=1585907976,2020 NEW Data Analysis - CodeClan,1,1
/2020-new-data-analysis/?elementor-preview=26451&ver=1585909749,2020 NEW Data Analysis - CodeClan,1,1
/2020-new-data-analysis/?elementor-preview=26451&ver=1585910331,2020 NEW Data Analysis - CodeClan,1,1
/2020-new-data-analysis/?elementor-preview=26451&ver=1585910797,2020 NEW Data Analysis - CodeClan,1,1
/2020-new-data-analysis/?elementor-preview=26451&ver=1585910888,2020 NEW Data Analysis - CodeClan,1,1
/2020-new-data-analysis/?elementor-preview=26451&ver=1585913116,2020 NEW Data Analysis - CodeClan,1,1
/2020-new-data-analysis/?elementor-preview=26451&ver=1585917671,2020 NEW Data Analysis - CodeClan,1,1
/2020-new-data-analysis/?elementor-preview=26451&ver=1585920836,2020 NEW Data Analysis - CodeClan,1,1
/2020-new-data-analysis/?elementor-preview=26451&ver=1585926650,2020 NEW Data Analysis - CodeClan,1,1
/2020-new-data-analysis/?elementor-preview=26451&ver=1586180173,2020 NEW Data Analysis - CodeClan,1,1
/2020-new-data-analysis/?elementor-preview=26451&ver=1586182156,2020 NEW Data Analysis - CodeClan,1,1
/2020-new-data-analysis/?elementor-preview=26451&ver=1586182256,2020 NEW Data Analysis - CodeClan,1,1
/2020-new-data-analysis/?elementor-preview=26451&ver=1586183563,2020 NEW Data Analysis - CodeClan,1,1
/2020-new-data-analysis/?elementor-preview=26451&ver=1586183631,2020 NEW Data Analysis - CodeClan,1,1
/2020-new-data-analysis/?elementor-preview=26451&ver=1586184023,2020 NEW Data Analysis - CodeClan,1,1
/2020-new-data-analysis/?elementor-preview=26451&ver=1586184243,2020 NEW Data Analysis - CodeClan,1,1
/2020-new-data-analysis/?elementor-preview=26451&ver=1586186467,2020 NEW Data Analysis - CodeClan,1,1
/2020-new-data-analysis/?elementor-preview=26451&ver=1586249865,2020 NEW Data Analysis - CodeClan,1,1
/2020-new-data-analysis/?elementor-preview=26451&ver=1586250739,2020 NEW Data Analysis - CodeClan,1,1
/2020-new-data-analysis/?elementor-preview=26451&ver=1586256264,2020 NEW Data Analysis - CodeClan,1,1
/2020-new-data-analysis/?elementor-preview=26451&ver=1586256703,2020 NEW Data Analysis - CodeClan,1,1
/2020-new-data-analysis/?elementor-preview=26451&ver=1586256843,2020 NEW Data Analysis - CodeClan,1,1
/2020-new-data-analysis/?elementor-preview=26451&ver=1586256965,2020 NEW Data Analysis - CodeClan,1,1
/2020-new-data-analysis/?elementor-preview=26451&ver=1586257190,2020 NEW Data Analysis - CodeClan,1,1
/2020-new-data-analysis/?elementor-preview=26451&ver=1586257579,2020 NEW Data Analysis - CodeClan,1,1
/2020-new-data-analysis/?elementor-preview=26451&ver=1586257753,2020 NEW Data Analysis - CodeClan,1,1
/2020-new-data-analysis/?elementor-preview=26451&ver=1586257964,2020 NEW Data Analysis - CodeClan,1,1
/2020-new-data-analysis/?elementor-preview=26451&ver=1586263113,2020 NEW Data Analysis - CodeClan,1,1
/2020-new-data-analysis/?elementor-preview=26451&ver=1586265536,2020 NEW Data Analysis - CodeClan,1,1
/2020-new-data-analysis/?elementor-preview=26451&ver=1586266672,2020 NEW Data Analysis - CodeClan,1,1
/2020-new-data-analysis/?elementor-preview=26451&ver=1586266843,2020 NEW Data Analysis - CodeClan,1,1
/2020-new-data-analysis/?elementor-preview=26451&ver=1586275804,2020 NEW Data Analysis - CodeClan,1,1
/2020-new-data-analysis/?elementor-preview=26451&ver=1586342004,2020 NEW Data Analysis - CodeClan,1,1
/2020-new-data-analysis/?elementor-preview=26451&ver=1586344698,2020 NEW Data Analysis - CodeClan,1,1
/2020-new-data-analysis/?elementor-preview=26451&ver=1586345156,2020 NEW Data Analysis - CodeClan,1,1
/2020-new-data-analysis/?elementor-preview=26451&ver=1586345525,2020 NEW Data Analysis - CodeClan,1,1
/2020-new-data-analysis/?preview_id=26451&preview_nonce=225c3b8b7b&preview=true,2020 NEW Data Analysis - CodeClan,11,1
/2020-new-data-analysis/?preview_id=26451&preview_nonce=89399e2bc9&preview=true,2020 NEW Data Analysis - CodeClan,1,1
/2020-new-data-analysis/?preview_id=26451&preview_nonce=95e15c2fce&preview=true,2020 NEW Data Analysis - CodeClan,1,1
/2020-new-data-analysis/?preview_id=26451&preview_nonce=a75b20880d&preview=true,2020 NEW Data Analysis - CodeClan,8,1
/2020-new-data-analysis/?preview_id=26451&preview_nonce=b833fcbc1f&preview=true,2020 NEW Data Analysis - CodeClan,15,1
/2020-new-data-analysis/?preview_id=26451&preview_nonce=ce58be89ae&preview=true,2020 NEW Data Analysis - CodeClan,2,1
/2020-new-data-analysis/?preview_id=26451&preview_nonce=de730f45f8&preview=true,2020 NEW Data Analysis - CodeClan,20,1
/2020-new-managing-software-development-teams/,2020 NEW Managing Software Development Teams - CodeClan,32,15
/2020-new-managing-software-development-teams/?elementor-preview=26878&ver=1586353585,2020 NEW Managing Software Development Teams - CodeClan,1,1
/2020-new-managing-software-development-teams/?elementor-preview=26878&ver=1586353969,2020 NEW Managing Software Development Teams - CodeClan,1,1
/2020-new-managing-software-development-teams/?elementor-preview=26878&ver=1586355117,2020 NEW Managing Software Development Teams - CodeClan,1,1
/2020-new-managing-software-development-teams/?elementor-preview=26878&ver=1586428711,2020 NEW Managing Software Development Teams - CodeClan,1,1
/2020-new-managing-software-development-teams/?elementor-preview=26878&ver=1586431717,2020 NEW Managing Software Development Teams - CodeClan,1,1
/2020-new-managing-software-development-teams/?elementor-preview=26878&ver=1586443594,2020 NEW Managing Software Development Teams - CodeClan,1,1
/2020-new-managing-software-development-teams/?elementor-preview=26878&ver=1586445730,2020 NEW Managing Software Development Teams - CodeClan,1,1
/2020-new-managing-software-development-teams/?elementor-preview=26878&ver=1586447305,2020 NEW Managing Software Development Teams - CodeClan,1,1
/2020-new-managing-software-development-teams/?elementor-preview=26878&ver=1586516736,2020 NEW Managing Software Development Teams - CodeClan,1,1
/2020-new-managing-software-development-teams/?elementor-preview=26878&ver=1586517922,2020 NEW Managing Software Development Teams - CodeClan,1,1
/2020-new-managing-software-development-teams/?elementor-preview=26878&ver=1586522775,2020 NEW Managing Software Development Teams - CodeClan,1,1
/2020-new-managing-software-development-teams/?elementor-preview=26878&ver=1586774452,2020 NEW Managing Software Development Teams - CodeClan,1,1
/2020-new-managing-software-development-teams/?elementor-preview=26878&ver=1586792541,2020 NEW Managing Software Development Teams - CodeClan,1,1
/2020-new-managing-software-development-teams/?elementor-preview=26878&ver=1586861725,2020 NEW Managing Software Development Teams - CodeClan,1,1
/2020-new-managing-software-development-teams/?preview_id=26878&preview_nonce=3fd03f47da&preview=true,2020 NEW Managing Software Development Teams - CodeClan,1,1
/2020-new-managing-software-development-teams/?preview_id=26878&preview_nonce=d268799fd4&_thumbnail_id=-1&preview=true,2020 NEW Managing Software Development Teams - CodeClan,1,1
/2020-new-managing-software-development-teams/?preview_id=26878&preview_nonce=d268799fd4&preview=true,2020 NEW Managing Software Development Teams - CodeClan,1,1
/2020-new-managing-software-development-teams/?preview_id=26878&preview_nonce=d7a7c28718&preview=true,2020 NEW Managing Software Development Teams - CodeClan,1,1
/2020-new-managing-software-development-teams/?preview_id=26878&preview_nonce=dc5327a6e8&preview=true,2020 NEW Managing Software Development Teams - CodeClan,2,1
/2020-new-managing-software-development-teams/?preview_id=26878&preview_nonce=e31fb90ce8&preview=true,2020 NEW Managing Software Development Teams - CodeClan,2,1
/2020-new-short-course-2__trashed/,Page not found - CodeClan,1,1
/2020-new-short-course-2/,2020 NEW Short Course - CodeClan,6,1
/2020-new-short-course-2/,2020 NEW Short Course 2 - CodeClan,19,9
/2020-new-short-course-2/?elementor-preview=27010&ver=1586352163,2020 NEW Short Course - CodeClan,1,1
/2020-new-short-course-2/?elementor-preview=27015&ver=1586352442,2020 NEW Short Course 2 - CodeClan,1,1
/2020-new-short-course-2/?elementor-preview=27015&ver=1586352478,2020 NEW Short Course 2 - CodeClan,1,1
/2020-new-short-course-2/?elementor-preview=27015&ver=1586353814,2020 NEW Short Course 2 - CodeClan,1,1
/2020-new-short-course-2/?elementor-preview=27015&ver=1586354000,2020 NEW Short Course 2 - CodeClan,1,1
/2020-new-short-course-2/?elementor-preview=27015&ver=1586428725,2020 NEW Short Course 2 - CodeClan,1,1
/2020-new-short-course-2/?elementor-preview=27015&ver=1586443583,2020 NEW Short Course 2 - CodeClan,1,1
/2020-new-short-course-2/?elementor-preview=27015&ver=1586446063,2020 NEW Short Course 2 - CodeClan,1,1
/2020-new-short-course-2/?elementor-preview=27015&ver=1586791207,2020 NEW Short Course 2 - CodeClan,1,1
/2020-new-short-course-2/?elementor-preview=27015&ver=1586854539,2020 NEW Short Course 2 - CodeClan,1,1
/2020-new-short-course-2/?elementor-preview=27015&ver=1586862508,2020 NEW Short Course 2 - CodeClan,1,1
/2020-new-short-course-2/?elementor-preview=27015&ver=1586864240,2020 NEW Short Course 2 - CodeClan,1,1
/2020-new-short-course-2/?elementor-preview=27015&ver=1586867966,2020 NEW Short Course 2 - CodeClan,1,1
/2020-new-short-course-2/?elementor-preview=27015&ver=1586870706,2020 NEW Short Course 2 - CodeClan,1,1
/2020-new-short-course-2/?preview_id=27015&preview_nonce=5588be9f9d&preview=true,2020 NEW Short Course 2 - CodeClan,12,1
/2020-new-short-course-2/?preview_id=27015&preview_nonce=8b3a4a9372&preview=true,2020 NEW Short Course 2 - CodeClan,1,1
/2020-new-short-course-3/,2020 NEW Short Course 3 - CodeClan,2,2
/2020-new-short-course-3/?elementor-preview=27154&ver=1586854325,2020 NEW Short Course 3 - CodeClan,1,1
/2020-new-short-course-3/?elementor-preview=27154&ver=1586854481,2020 NEW Short Course 3 - CodeClan,1,1
/2020-new-short-course-3/?elementor-preview=27154&ver=1586869269,2020 NEW Short Course 3 - CodeClan,1,1
/2020-new-short-course/,2020 NEW Short Course - CodeClan,17,7
/2020-new-short-course/,Page not found - CodeClan,2,1
/2020-new-short-course/?elementor-preview=26878&ver=1586250728,2020 NEW Short Course - CodeClan,1,1
/2020-new-short-course/?elementor-preview=26878&ver=1586254813,2020 NEW Short Course - CodeClan,1,1
/2020-new-short-course/?elementor-preview=26878&ver=1586255307,2020 NEW Short Course - CodeClan,1,1
/2020-new-short-course/?elementor-preview=26878&ver=1586256338,2020 NEW Short Course - CodeClan,1,1
/2020-new-short-course/?elementor-preview=26878&ver=1586271901,2020 NEW Short Course - CodeClan,1,1
/2020-new-short-course/?elementor-preview=26878&ver=1586350381,2020 NEW Short Course - CodeClan,1,1
/2020-new-short-course/?elementor-preview=26878&ver=1586350394,2020 NEW Short Course - CodeClan,1,1
/2020-new-short-course/?elementor-preview=26878&ver=1586352396,2020 NEW Short Course - CodeClan,1,1
/2020-new-short-course/?elementor-preview=26878&ver=1586352633,2020 NEW Short Course - CodeClan,1,1
/about-us/,About CodeClan - Scotland's award-winning digital skills academy,195,161
/about-us/become-a-data-instructor/,Become a CodeClan Data Instructor - CodeClan Edinburgh & Glasgow,14,13
/about-us/become-a-ta-data/,Become a CodeClan Teaching Assistant for Data - CodeClan Edinburgh & Glasgow,27,24
/about-us/become-an-instructor/,Become a Software Development Instructor - CodeClan Edinburgh & Glasgow,26,24
/about-us/become-an-instructor/part-time-teaching/,Part Time Teaching - CodeClan,1,1
/about-us/join-us/,Job Opportunities - Help train the future of digital - CodeClan,100,75
/about-us/join-us/partner-account-manager-smes/,Partner Account Manager SMEs - CodeClan,25,22
/about-us/our-team/,Meet Our Team - Software Development Instructors & Staff - CodeClan,284,257
/about-us/our-team/?elementor-preview=61&ver=1586273262,Meet Our Team - Software Development Instructors & Staff - CodeClan,1,1
/about-us/our-team/?preview_id=61&preview_nonce=8ab4ce02d0&preview=true,Meet Our Team - Software Development Instructors & Staff - CodeClan,1,1
/about-us/our-team/our-board/,Our Board - CodeClan,81,74
/about/,Page not found - CodeClan,1,1
/accessibility/,Accessibility - CodeClan,5,3
/admissions-track-data/,Admissions track data - CodeClan,11,7
/admissions-track-data/?elementor-preview=18536&ver=1584524526,Admissions track data - CodeClan,1,1
/admissions-track-psd/,Admissions Track PSD - CodeClan,3,3
/admissions-track/,Admissions track - CodeClan,136,85
/admissions-track/?elementor-preview=14841&ver=1584524402,Admissions track - CodeClan,1,1
/alumni-refer-a-friend/,Alumni Refer A Friend - CodeClan,1,1
/banna,Page not found - CodeClan,1,1
/black-friday-lottery/,Page not found - CodeClan,1,1
/blog/,Blog - Careers in tech & hiring digital teams - CodeClan Edinburgh & Glasgow,204,154
/blog/2018-our-year-in-review/,Our 2018 stats are here and we couldn't be more thrilled - Blog - CodeClan,7,6
/blog/5-reasons-edinburgh-best-place-live-uk/,5 Reasons Why Edinburgh Is The Best Place To Live In The UK - Blog - CodeClan Edinburgh & Glasgow,2,2
/blog/500-graduates-in-employment/,CodeClan places over 500 graduates in employment - CodeClan,2,2
/blog/7-celebrities-didnt-know-code/,7 celebrities you didn’t know could code - Blog - CodeClan,178,167
/blog/7-reasons-to-study-data-analysis-at-codeclan/,7 reasons to study Data Analysis at CodeClan - CodeClan,24,23
/blog/7-reasons-to-study-data-analysis-at-codeclan/?fbclid=IwAR0JCR06-vn7j5Riuxo6fF0UeJAMd1TmoblJvy3JMva1ByjK6h781ZzkhbY,7 reasons to study Data Analysis at CodeClan - CodeClan,1,1
/blog/7-reasons-to-study-data-analysis-at-codeclan/?fbclid=IwAR0xcjyShVIKMQIHJ3cdLh2xTz6zFZH9N9EpN5j4qSjytwV-BFOmqB4UOUQ,7 reasons to study Data Analysis at CodeClan - CodeClan,1,1
/blog/7-reasons-to-study-data-analysis-at-codeclan/?fbclid=IwAR1ZfLYIoVtjsFsTh_ZjVQ5TR0PZ4QntK7Qs4GAlHTn1o8GKLqmEU5rRsSM,7 reasons to study Data Analysis at CodeClan - CodeClan,1,1
/blog/7-reasons-to-study-data-analysis-at-codeclan/?fbclid=IwAR2fYpJLFkEYcGUqLutXGTOpyydyfYv_CdyW0ZYM6Z46zH3s70RupaWrnaE,7 reasons to study Data Analysis at CodeClan - CodeClan,1,1
/blog/7-reasons-to-study-data-analysis-at-codeclan/?fbclid=IwAR2LivQiN-IcKeLR5lytNI_paHwmA2oMAzyhlTPyqLEWHZESUR24XCrOWuY,7 reasons to study Data Analysis at CodeClan - CodeClan,1,1
/blog/7-reasons-to-study-data-analysis-at-codeclan/?fbclid=IwAR3Ypgxa-8JIAxwoouvSCgHaApUN1zW9Z68wtkkbLR59JCxmLn3NZ2eIfhU,7 reasons to study Data Analysis at CodeClan - CodeClan,1,1
/blog/9-common-misconceptions-coding/,9 common misconceptions about coding,16,16
/blog/9-websites-start-coding-journey/,9 websites to start your coding journey,36,36
/blog/an-app-to-put-charity-shops-on-the-map/,An app to put charity shops on the map - Blog - CodeClan,3,2
/blog/apply-immersive-programming-course/,How to successfully apply to our immersive programming course,3,3
/blog/ask-for-help-coding/,Why you shouldn't be afraid to ask for help,5,4
/blog/author/codeclan/,"CodeClan Team, Author at CodeClan",21,14
/blog/author/codeclan/page/10/,"CodeClan Team, Author at CodeClan - Page 10 of 17",1,1
/blog/author/codeclan/page/11/,"CodeClan Team, Author at CodeClan - Page 11 of 17",2,2
/blog/author/codeclan/page/12/,"CodeClan Team, Author at CodeClan - Page 12 of 17",1,1
/blog/author/codeclan/page/13/,"CodeClan Team, Author at CodeClan - Page 13 of 17",2,2
/blog/author/codeclan/page/14/,"CodeClan Team, Author at CodeClan - Page 14 of 17",1,1
/blog/author/codeclan/page/15/,"CodeClan Team, Author at CodeClan - Page 15 of 17",2,2
/blog/author/codeclan/page/16/,"CodeClan Team, Author at CodeClan - Page 16 of 17",2,2
/blog/author/codeclan/page/17/,"CodeClan Team, Author at CodeClan - Page 17 of 17",7,2
/blog/author/codeclan/page/18/,Page not found - CodeClan,4,2
/blog/author/codeclan/page/19/,Page not found - CodeClan,1,1
/blog/author/codeclan/page/2/,"CodeClan Team, Author at CodeClan - Page 2 of 17",7,6
/blog/author/codeclan/page/28/,Page not found - CodeClan,5,3
/blog/author/codeclan/page/3/,"CodeClan Team, Author at CodeClan - Page 3 of 17",8,6
/blog/author/codeclan/page/4/,"CodeClan Team, Author at CodeClan - Page 4 of 17",5,5
/blog/author/codeclan/page/5/,"CodeClan Team, Author at CodeClan - Page 5 of 17",6,6
/blog/author/codeclan/page/6/,"CodeClan Team, Author at CodeClan - Page 6 of 17",4,4
/blog/author/codeclan/page/7/,"CodeClan Team, Author at CodeClan - Page 7 of 17",3,3
/blog/author/codeclan/page/8/,"CodeClan Team, Author at CodeClan - Page 8 of 17",1,1
/blog/author/codeclan/page/9/,"CodeClan Team, Author at CodeClan - Page 9 of 17",2,2
/blog/author/ken/,"Ken Sjoberg, Author at CodeClan",1,1
/blog/author/killian/,"Killian McAleese, Author at CodeClan",1,1
/blog/author/steph/,"Stephanie Paterson, Author at CodeClan",1,1
/blog/battled-pokemon-project/,How we battled to create a Pokémon group project - Blog - CodeClan,9,9
/blog/best-podcasts-coders-programmers/,13 of the best podcasts for coders and programmers - Blog - CodeClan,258,242
/blog/built-after-five-weeks-learning-code/,Programming is life (trust the process) - Blog - CodeClan,2,2
/blog/built-munro-bagger-site/,How we built the Munro Bagger site in 6.5 days,7,6
/blog/career-change-developer/,How do I know if I’ll be happy as a software developer? - Blog - CodeClan,1,1
/blog/career-change-into-digital/,Is it ever too late for a career change into digital?,5,5
/blog/career-in-data-paul-van-loon/,"Career Paths: Head of Analytics, Dr Paul van Loon on his career in data - CodeClan",2,1
/blog/carving-a-career-as-a-developer-my-coding-journey/,Carving a career as a developer: My coding journey,1,1
/blog/category/careers-in-tech/,Careers in Tech Archives - Blog - CodeClan,30,25
/blog/category/careers-in-tech/page/4/,Careers in Tech Archives - Page 4 of 5 - Blog - CodeClan,1,1
/blog/category/client-xperience/,Client Xperience Archives - CodeClan,3,3
/blog/category/data-analysis/,Data Analysis Archives - CodeClan,24,19
/blog/category/employers/,Employer Stories Archives - Blog - CodeClan,20,12
/blog/category/employers/page/2/,Employer Stories Archives - Page 2 of 3 - Blog - CodeClan,5,4
/blog/category/events/,Events Archives - CodeClan,1,1
/blog/category/industry/,Industry Archives - CodeClan,2,2
/blog/category/inspiring-stories/,Inspiring Stories Archives - Blog - CodeClan,19,16
/blog/category/inspiring-stories/page/2/,Inspiring Stories Archives - Page 2 of 3 - Blog - CodeClan,6,5
/blog/category/inspiring-stories/page/2/,Inspiring Stories Archives - Page 2 of 4 - Blog - CodeClan,3,2
/blog/category/inspiring-stories/page/3/,Inspiring Stories Archives - Page 3 of 3 - Blog - CodeClan,3,3
/blog/category/inspiring-stories/page/3/,Inspiring Stories Archives - Page 3 of 4 - Blog - CodeClan,3,2
/blog/category/instructor-blogs/,Instructor Blogs Archives - Blog - CodeClan,14,11
/blog/category/learning-to-code/,Learning to Code Archives - Blog - CodeClan,15,13
/blog/category/learning-to-code/page/2/,Learning to Code Archives - Page 2 of 4 - Blog - CodeClan,4,2
/blog/category/learning-to-code/page/3/,Learning to Code Archives - Page 3 of 4 - Blog - CodeClan,3,3
/blog/category/whats-happening-at-codeclan/,What's happening at CodeClan Archives - CodeClan,10,6
/blog/category/whats-new/,News - Blog - CodeClan,17,13
/blog/category/whats-new/page/2/,News - Blog - CodeClan,2,1
/blog/category/whats-new/page/3/,News - Blog - CodeClan,2,1
/blog/category/whats-new/page/4/,News - Blog - CodeClan,2,1
/blog/celebrate-joint-graduation/,Celebrating in style: 2 cohorts finish their 16-week journey - Blog - CodeClan,1,1
/blog/change-story-not-just-career/,"Change your story, not just your Career - Blog - CodeClan",1,1
/blog/claires-coding-journey-from-hobby-to-career/,Claire’s coding journey: from hobby to career - Blog - CodeClan,5,4
/blog/claires-ruby-project-cycle-ride-logging-application/,Claire's Ruby project: a cycle ride logging application - Blog - CodeClan,1,1
/blog/codebar-edinburgh-glasgow-coding/,New to programming? Codebar should be part of your learning plan - Blog - CodeClan,2,2
/blog/codeclan-celebrates-turning-four-after-graduation-milestone/,CodeClan celebrates turning four after graduation milestone - CodeClan,3,3
/blog/codeclan-ceo-melinda-matthews/,"Meet our new CEO, Melinda Matthews-Clarkson - Blog - CodeClan",13,13
/blog/codeclan-ceo-women-tech/,CodeClan CEO targets more women in Scottish tech - Blog - CodeClan,1,1
/blog/codeclan-contributing-to-scotlands-20bn-data-boom/,New Data Analysis Course Contributing to Scotland's £20Bn Data Boom,4,4
/blog/codeclan-data-analysis-course-diary-001/,CodeClan Data Analysis Course: Blair Fallis Student Diary,7,7
/blog/codeclan-glasgow-clockwise/,CodeClan Glasgow moves to Clockwise - Blog - CodeClan,2,2
/blog/codeclan-glasgow-employer-partners/,Meet 6 of our Glasgow Employer Partners - Blog - CodeClan,3,3
/blog/codeclan-launches-new-data-analysis-course/,CodeClan launches new data analysis course | CodeClan blog,1,1
/blog/codeclan-students-changed-career/,9 reasons CodeClan students changed career - CodeClan Edinburgh & Glasgow,6,6
/blog/codeclan-students-meet-employers-at-speed-networking-event/,Meet your next digital hire at Speed Networking,1,1
/blog/congratulations-scottish-digital-tech-sector/,Congratulations to the Scottish digital tech sector! - Blog - CodeClan,1,1
/blog/creatives-make-good-coders/,Why Creatives Make Good Coders - Blog - CodeClan Edinburgh & Glasgow,2,2
/blog/current-skills-perfect-coding/,Why your current skills make you perfect for coding,1,1
/blog/data-analysis-course-glasgow-launch/,Data Analysis Course Glasgow: Change Career With CodeClan,3,2
/blog/data-science-r-programming/,Delve into data science with R programming - Blog - CodeClan,2,2
/blog/day-in-life-jia-coding/,A Day in the Life of a CodeClan student: Jia,2,2
/blog/day-life-web-developer/,A Day in the Life of a Web Developer,19,14
/blog/digital-development-loan/,Five year interest-free government loan offers Scottish businesses new digital skills - CodeClan,2,2
/blog/employers-catriona-dick-zonal/,Meet our partners: Catriona Dick from Zonal,1,1
/blog/ewa-jamie-martas-app-play-store/,"Ewa, Jaime, and Marta’s journey to an app on the Play Store - Blog - CodeClan",5,4
/blog/find-inspiration-kats-student-project/,Finding your inspiration: from planning to programming - Blog - CodeClan,3,2
/blog/finding-a-career-you-love/,The surprising truth about finding a career you love,1,1
/blog/finding-your-feet-when-train-work-digital-alumni-advice/,Finding your feet when you train and work in digital- Alumni Advice - CodeClan,2,2
/blog/first-developer-job-advice/,How to make the most of your first developer job - CodeClan,59,57
/blog/first-developer-job-advice/?fbclid=IwAR3vv968jjbvcCL_ibA52rosjV00F5WX46wV_WQZfrMttLl_H6wxI8casYc,How to make the most of your first developer job - CodeClan,1,1
/blog/free-courses-launched-techmums/,Free Courses launched for #techmums – learn new digital skills - CodeClan,14,11
/blog/getting-job-in-tech-tips/,Landing a job in tech: 11 tips from our grads - Blog - CodeClan,1,1
/blog/glasgow-coding-bootcamp-career/,How I changed my career path at a Glasgow coding bootcamp,6,6
/blog/graduate-chris-android-developer/,"Meet our graduates: Chris, from bar owner to Android Developer",1,1
/blog/graduate-kate-developer-cultivate/,How I turned my coding hobby into a career - Blog - CodeClan,1,1
/blog/graduate-milestone-diversity/,Celebrating our 500th graduate and push for diversity - CodeClan,2,2
/blog/graduates-charley-junior-developer/,"Meet our graduates: Charlotte, from midwife to Junior Developer",2,2
/blog/graduates-hayley-microbiologist-software-developer/,"Meet Hayley, from Microbiologist to Software Developer - Blog - CodeClan",3,3
/blog/graduates-john-oil-gas-java/,"Meet our graduates: John, Oil & Gas industry to Java development",1,1
/blog/graduates-journalist-junior-developer/,"Meet our graduates: Kat, from Journalist to Junior Website Developer",2,2
/blog/graduates-peter-tester-junior-software-developer/,"Meet Peter, from Tester to Junior Software Developer - Blog - CodeClan",3,3
/blog/graham-glasgow-cohort-2/,"Student stories: Graham, Glasgow Cohort 2",1,1
/blog/graphic-designer-trainee-software-developer-meet-tahnee/,Graphic Designer to Trainee Software Developer: Meet Tahnee - Blog - CodeClan,3,3
/blog/highlands-here-we-come/,Highlands here we come! - Blog - CodeClan,2,2
/blog/hire-a-developer-technical-interviews/,How to hire a developer 4 - In-person technical interviews still matter,9,8
/blog/hire-developer-screening-candidates/,"How to hire a developer, Part 2: Why screen candidates? - Blog - CodeClan",5,5
/blog/hire-developers-online-tests/,How to hire a software developer: Part 3 - Online tech tests and alternatives,69,62
/blog/hiring-developers-for-the-future/,How to hire a developer: Part 1 - Hiring for the future,2,2
/blog/how-codeclan-gives-back-to-the-community-in-scotland-with-tech-for-good/,How CodeClan gives back to the community in Scotland with tech for good,24,18
/blog/how-i-discovered-code/,How I Discovered Code: Instructor Jordan Davidson's Journey Into Coding,2,2
/blog/inoapps-partner-of-the-month/,Meet our Partner of the Month! Inoapps - CodeClan,2,2
/blog/inoapps-partner-of-the-month/?ct=t(Access+to+Talent+mailer+Mar+23)&mc_cid=d0a064e501&mc_eid=[UNIQID],Meet our Partner of the Month! Inoapps - CodeClan,1,1
/blog/inspirational-women-tech/,Eight Inspirational Women in Tech - Blog - CodeClan,1,1
/blog/instructing-codeclan-johns-story/,Instructing at CodeClan: John's story,1,1
/blog/introducing-project-showcase/,Introducing Project Showcase - Blog - CodeClan,7,4
/blog/kates-project-diary-an-android-food-tracking-app/,Kate's project diary: an Android food tracking app - Blog - CodeClan,2,2
/blog/learn-to-code-working/,How to learn to code while working a day job,26,25
/blog/learning-from-failure/,Learning to code...by failing first - Blog - CodeClan,3,2
/blog/leaving-oil-gas-for-a-career-in-tech-roberts-story/,Leaving oil & gas for a career in tech- Robert's story. - CodeClan,6,6
/blog/linda-scott-codeclan-cmo/,Linda Scott CodeClan: Business Leader Joins Digital Skills Academy,12,12
/blog/make-most-of-github/,5 ways to get the most out of GitHub - Blog - CodeClan,4,4
/blog/meet-ally-software-development-instructor-at-codeclan/,"Meet Ally, Software Development Instructor at CodeClan - Blog - CodeClan",4,4
/blog/meet-codeclans-first-highlands-partners/,Meet CodeClan's first Highlands partners - CodeClan,2,2
/blog/meet-colin-instructor-at-codeclan/,"Meet Colin, Instructor at Codeclan - Blog - CodeClan",5,5
/blog/meet-employers-andrew-lints-craneware/,Meet our partners: Andrew Lints from Craneware,1,1
/blog/meet-graduates-james-third-sector-lobbyist-software-developer/,"Meet James, from 3rd Sector lobbyist to Software Developer - Blog - CodeClan",2,2
/blog/meet-our-grads-alex-self-published-game-developer/,"Meet our Grads: Alex, self-published game developer - CodeClan",3,3
/blog/meet-our-graduates-alex-junior-software-developer/,"Meet our graduates: Alex, Junior Software Developer - CodeClan",4,3
/blog/meet-our-graduates-daniel-at-dog/,Meet our Graduates: Daniel at Dog - CodeClan,2,2
/blog/meet-our-graduates-tom-software-developer-inoapps/,"Meet our graduates: Tom, Software Developer at Inoapps - Blog - CodeClan",1,1
/blog/meet-our-instructors-keith/,Meet our instructors: Keith,9,7
/blog/meet-our-partners-airts/,Meet our Employer Partners: Airts - Blog - CodeClan,5,5
/blog/meet-our-partners-wallet-services/,Meet our partners: Wallet.Services - Blog - CodeClan,1,1
/blog/meet-partners-freeagent/,Meet our partners: FreeAgent,2,2
/blog/meet-rob-codeclan-graduate-and-now-graduate-mobile-developer-at-xdesign/,Meet Rob: CodeClan graduate and now Graduate Mobile Developer at xDesign - CodeClan,2,2
/blog/meet-team-louise-instructor/,Meet our instructors: Louise - Blog - CodeClan,6,6
/blog/meet-the-graduates-who-quit-their-jobs-to-learn-how-to-code/,Meet the graduates who quit their jobs to learn how to code - CodeClan,30,30
/blog/meet-the-team-aileen-mcdonald/,Meet the Team - Aileen McDonald - CodeClan,44,42
/blog/meet-the-team-katie-jeffree/,Meet the Team - Katie Jeffree - CodeClan,149,140
/blog/meet-the-team-katie-jeffree/?ct=t(Internal+newsletter+March)&mc_cid=93c78f01ec&mc_eid=[UNIQID],Meet the Team - Katie Jeffree - CodeClan,13,12
/blog/meet-the-team-katie-jeffree/?fbclid=IwAR00Qm2tHJBPKLfV-AKwXLeCEkoHGD9AWTM4DgbZy3FPbnRW7IvnjrfFUkM,Meet the Team - Katie Jeffree - CodeClan,2,2
/blog/meet-the-team-katie-jeffree/?fbclid=IwAR0BFv-94aHDSeuK1WEGlkrJ-OAs05czQBWgYl-WBoxz4E_p2BTg7hXcgRY,Meet the Team - Katie Jeffree - CodeClan,1,1
/blog/meet-the-team-katie-jeffree/?fbclid=IwAR0bj3FFaVBESrdax34252jhDxQOLe9Ob_KONwVESV2PZ4636yFRTjCh_OQ,Meet the Team - Katie Jeffree - CodeClan,1,1
/blog/meet-the-team-katie-jeffree/?fbclid=IwAR0Mace8m2UZTsGwRI8I6EvpK3boMLaBmyKCKzpNNBuhV3NWQTc9_g1O4ok,Meet the Team - Katie Jeffree - CodeClan,1,1
/blog/meet-the-team-katie-jeffree/?fbclid=IwAR0uZRStdv5C2Wc0P4w3rxI7h-ikXrkGE9Ge9GAgQCfHLV7PTcl8VHTC_UY,Meet the Team - Katie Jeffree - CodeClan,1,1
/blog/meet-the-team-katie-jeffree/?fbclid=IwAR1B6wDs_i-8wfvVrLfPViAIAMSEwlwT7bCLw4W18iYFeP7mfue2uNiorzY,Meet the Team - Katie Jeffree - CodeClan,1,1
/blog/meet-the-team-katie-jeffree/?fbclid=IwAR1HosZlEgpHG6FXbIXdc5rcY5uzIKpG9SXa3oJraLY320LOSgY825KN-KQ,Meet the Team - Katie Jeffree - CodeClan,1,1
/blog/meet-the-team-katie-jeffree/?fbclid=IwAR1kb2E4SDepTIaDqcAZLtCFJv9CNrMtZ2qkl_t6aWWnugnh8UNLEUsgNa8,Meet the Team - Katie Jeffree - CodeClan,1,1
/blog/meet-the-team-katie-jeffree/?fbclid=IwAR1KFPuvUYbm7pwYIUj4V0xrYGwpTyYfd8m8vrBG01113tZdFv2VrchiT6o,Meet the Team - Katie Jeffree - CodeClan,1,1
/blog/meet-the-team-katie-jeffree/?fbclid=IwAR29SO54j7Iq5j7NzgqdGFOHsp54xN9G8hS8-58LqY3UKQ1W7ydB65zKc-8,Meet the Team - Katie Jeffree - CodeClan,1,1
/blog/meet-the-team-katie-jeffree/?fbclid=IwAR2EAAifKH1d3YhIui2LFd2ekrrE13LGEJUP1qR7_1MiKNkAslcqtO-7I1E,Meet the Team - Katie Jeffree - CodeClan,1,1
/blog/meet-the-team-katie-jeffree/?fbclid=IwAR2jrxOOMe5xlNzlwzohx_hcV2m-WuETwbHN8spXkn2cEmcxadWOi52CRLI,Meet the Team - Katie Jeffree - CodeClan,1,1
/blog/meet-the-team-katie-jeffree/?fbclid=IwAR2p6CXxXbJ7cPVooNfhh37ORBjO6lRfPyYS9EuZtjDVMLWxnQUmNl8PfXc,Meet the Team - Katie Jeffree - CodeClan,1,1
/blog/meet-the-team-katie-jeffree/?fbclid=IwAR31RyghEKm_WAshMXxc13_iN0Is5KKKNqtpmycFtW437u23DX33g48LztM,Meet the Team - Katie Jeffree - CodeClan,1,1
/blog/meet-the-team-katie-jeffree/?fbclid=IwAR3Dkykawdvj3tGyXruG8KtkQG139Wvt5JWd93UySSMu50auQGIlH9eXD0g,Meet the Team - Katie Jeffree - CodeClan,1,1
/blog/meet-the-team-niall-morris/,Meet the Team - Niall Morris - CodeClan,33,30
/blog/melindas-memo-august-2019/,Melinda's Memo August 2019: CodeClan's CEO Looks Back at July's work,3,2
/blog/melindas-memo-july-2019/,Melinda's Memo July 2019 - SDI & Women of Silicon Roundabout,2,2
/blog/melindas-memo-june-2019/,"Melinda's Memo, June 2019 - CodeClan",1,1
/blog/most-asked-questions/,We answer your 10 most-asked questions about CodeClan,19,18
/blog/move-to-digital-first/,Making the move to digital first: Registers of Scotland - Blog - CodeClan,8,8
/blog/new-career-in-tech-autumn/,5 steps to starting a new career in tech by the Autumn 2019 - Blog,2,2
/blog/new-funding-opens-up-careers-in-coding/,New Funding Opens Up Careers In Coding - CodeClan,2,2
/blog/new-job-in-digital-codeclan/,How we work with students to secure a job in digital - Blog - CodeClan,4,4
/blog/newsdirect-client-xperience-interview/,Newsdirect Client Xperience - An Interview With MD Kirsty Peebles,4,4
/blog/no-tech-background-no-problem-8-career-changers-from-different-backgrounds/,CodeClan Career Changers Reveal All: No Tech Background No Problem!,9,9
/blog/our-guide-to-funding-our-full-time-courses/,Our guide to funding our full-time courses. - CodeClan,13,13
/blog/overcoming-your-interview-fears/,Overcoming Your Interview Fears To Find The Job of Your Dreams,8,8
/blog/page/10/,Blog - Careers in tech & hiring digital teams - CodeClan Edinburgh & Glasgow,5,3
/blog/page/11/,Blog - Careers in tech & hiring digital teams - CodeClan Edinburgh & Glasgow,4,3
/blog/page/12/,Blog - Careers in tech & hiring digital teams - CodeClan Edinburgh & Glasgow,3,3
/blog/page/13/,Blog - Careers in tech & hiring digital teams - CodeClan Edinburgh & Glasgow,3,3
/blog/page/14/,Blog - Careers in tech & hiring digital teams - CodeClan Edinburgh & Glasgow,3,3
/blog/page/15/,Blog - Careers in tech & hiring digital teams - CodeClan Edinburgh & Glasgow,3,3
/blog/page/16/,Blog - Careers in tech & hiring digital teams - CodeClan Edinburgh & Glasgow,3,3
/blog/page/17/,Blog - Careers in tech & hiring digital teams - CodeClan Edinburgh & Glasgow,3,3
/blog/page/18/,Blog - Careers in tech & hiring digital teams - CodeClan Edinburgh & Glasgow,3,3
/blog/page/19/,Blog - Careers in tech & hiring digital teams - CodeClan Edinburgh & Glasgow,2,2
/blog/page/2/,Blog - Careers in tech & hiring digital teams - CodeClan Edinburgh & Glasgow,21,17
/blog/page/20/,Blog - Careers in tech & hiring digital teams - CodeClan Edinburgh & Glasgow,2,2
/blog/page/21/,Blog - Careers in tech & hiring digital teams - CodeClan Edinburgh & Glasgow,1,1
/blog/page/22/,Blog - Careers in tech & hiring digital teams - CodeClan Edinburgh & Glasgow,1,1
/blog/page/23/,Blog - Careers in tech & hiring digital teams - CodeClan Edinburgh & Glasgow,1,1
/blog/page/24/,Blog - Careers in tech & hiring digital teams - CodeClan Edinburgh & Glasgow,1,1
/blog/page/25/,Blog - Careers in tech & hiring digital teams - CodeClan Edinburgh & Glasgow,1,1
/blog/page/26/,Blog - Careers in tech & hiring digital teams - CodeClan Edinburgh & Glasgow,1,1
/blog/page/27/,Blog - Careers in tech & hiring digital teams - CodeClan Edinburgh & Glasgow,2,1
/blog/page/28/,Blog - Careers in tech & hiring digital teams - CodeClan Edinburgh & Glasgow,2,1
/blog/page/3/,Blog - Careers in tech & hiring digital teams - CodeClan Edinburgh & Glasgow,15,11
/blog/page/4/,Blog - Careers in tech & hiring digital teams - CodeClan Edinburgh & Glasgow,11,8
/blog/page/5/,Blog - Careers in tech & hiring digital teams - CodeClan Edinburgh & Glasgow,12,8
/blog/page/6/,Blog - Careers in tech & hiring digital teams - CodeClan Edinburgh & Glasgow,9,6
/blog/page/7/,Blog - Careers in tech & hiring digital teams - CodeClan Edinburgh & Glasgow,6,4
/blog/page/8/,Blog - Careers in tech & hiring digital teams - CodeClan Edinburgh & Glasgow,5,3
/blog/page/9/,Blog - Careers in tech & hiring digital teams - CodeClan Edinburgh & Glasgow,5,3
/blog/peter-support-engineer-freeagent/,A Day in the Life of a Support Engineer,8,7
/blog/primary-teacher-to-java-developer/,"Meet John, from primary teacher to Java developer - Blog - CodeClan",4,4
/blog/retrain-as-a-data-analyst/,Retrain as a Data Analyst - CodeClan,2,2
/blog/say-hello-to-edinburgh-cohort-33/,Edinburgh Cohort 33 - Meet Our Latest Professional Software Developers,4,4
/blog/scotland-demand-for-developers-growing/,Scotland Demand For Developers Growing Say New Tech Nation Reports,6,4
/blog/scotland-place-to-work-digital/,Why Scotland is the place to work in digital,1,1
/blog/scottish-companies-tech-gender-gap/,How Scottish companies are tackling the tech gender gap,1,1
/blog/scottish-government-hiring/,Meet our Employer Partners: Scottish Government - Blog - CodeClan,4,4
/blog/scottish-minister-helps-codeclan-highlands-open-for-business/,Scottish Minister helps CodeClan Highlands open for business - CodeClan,1,1
/blog/shaping-the-digital-landscape/,Shaping the digital landscape - CodeClan,2,2
/blog/speed-networking-debunked-what-you-need-to-know/,Speed Networking debunked: What you need to know - CodeClan,4,4
/blog/stress-awareness-month/,It's National Stress Awareness Month 2019 - CodeClan,8,7
/blog/student-codeclan-expect-prepare/,Being a student at CodeClan: What to expect and how to prepare,2,2
/blog/students-prototyped-online-dashboard-sustainability-consultancy/,How 3 students prototyped an online dashboard for a sustainability consultancy - Blog - CodeClan,1,1
/blog/three-social-impact-initiatives-we-support-and-why-you-should-too/,"Three social impact initiatives we support, and why you should too - Blog - CodeClan",3,3
/blog/took-back-control-coding/,How I took back control by retraining at CodeClan,5,5
/blog/top-data-podcasts/,CodeClan’s top data podcasts - CodeClan,107,97
/blog/top-data-podcasts/?fbclid=IwAR01l2EJRJgaAbIZVzQUb9DWphhjxzrz4tacmprwtTkmgbVLgRn2vvOZWtk,CodeClan’s top data podcasts - CodeClan,1,1
/blog/top-data-podcasts/?fbclid=IwAR0MPsWjzIyDO5iUTTrROb05eK1kEc3qeygp5baqnKjJB7wbIL-4EPKdfTg,CodeClan’s top data podcasts - CodeClan,1,1
/blog/top-data-podcasts/?fbclid=IwAR0V3dcJBDesTwedGSp4ZYWO_qIZVbsnbpWN_Wb466pAfg4d4FaX5zxAH-8,CodeClan’s top data podcasts - CodeClan,1,1
/blog/top-data-podcasts/?fbclid=IwAR1Mm6efbNwa3RGXcJu9bBP6lNZ3OiGtzRLxwC27UpWzKAswUm2J9wWWejM,CodeClan’s top data podcasts - CodeClan,6,5
/blog/top-data-podcasts/?fbclid=IwAR1nPoYCw3ODEIfgKx27XAJEe4OKjzGDfgoHXfGpKQePke86KhUrlxYgJRw,CodeClan’s top data podcasts - CodeClan,3,2
/blog/top-data-podcasts/?fbclid=IwAR1Qv-zrUuryB0ZkJdAFDPS3q4sOdt6YTNgnev0eS1woAVHXlPfXkqPTQRc,CodeClan’s top data podcasts - CodeClan,1,1
/blog/top-data-podcasts/?fbclid=IwAR2ryuNxtY_VCiBD8F4QQ8yt_EfrLexL2L23SpPNreKehPm1IxJCUICFaBo,CodeClan’s top data podcasts - CodeClan,1,1
/blog/top-data-podcasts/?fbclid=IwAR3ktp8rKpviG-M2GwWg58FynZgj98jKj1W8_k4XIsuXm-BnyckyNDJAic0,CodeClan’s top data podcasts - CodeClan,1,1
/blog/top-data-podcasts/?fbclid=IwAR3ZIi_q-te8ysVy5d1dSuwAbgQrGa5UGbu68WuZHSgmM5ZyDgIT_vRihyc,CodeClan’s top data podcasts - CodeClan,1,1
/blog/top-networking-events-scotland/,Top Networking Events in Scotland - Blog - CodeClan Edinburgh & Glasgow,2,2
/blog/towards-a-diverse-tech-industry-meet-vicky-junior-software-developer/,"Towards a diverse tech industry: Meet Vicky, Junior Software Developer - Blog - CodeClan",4,4
/blog/understanding-understanding/,Understanding understanding: Learning to code - Blog - CodeClan,2,2
/blog/why-learn-coding/,Why Learn To Code? - CodeClan,3,3
/blog/why-learn-coding/coding-guide-download/,Coding guide download - CodeClan,3,3
/campuses/,Campuses - CodeClan,21,16
/codeclanstudentintranet/,Page not found - CodeClan,1,1
/corona,Page not found - CodeClan,3,2
/coronavirus/,Coronavirus - CodeClan,761,704
/coronavirus/?ct=t(Access+to+Talent+mailer+Mar+23)&mc_cid=d0a064e501&mc_eid=[UNIQID],Coronavirus - CodeClan,2,2
/coronavirus/?ct=t(Virtual+Learning+Experience+Update)&mc_cid=345c4ed3c2&mc_eid=[UNIQID],Coronavirus - CodeClan,47,45
/coronavirus/?ct=t(Webinar+update_COPY_01)&mc_cid=2c858a035b&mc_eid=[UNIQID],Coronavirus - CodeClan,9,8
/coronavirus/?ct=t(Webinar+update)&mc_cid=fbf9a00785&mc_eid=[UNIQID],Coronavirus - CodeClan,26,25
/coronavirus/?elementor-preview=26293&ver=1585135341,Coronavirus - CodeClan,1,1
/coronavirus/?elementor-preview=26293&ver=1585584283,Coronavirus - CodeClan,1,1
/coronavirus/?elementor-preview=26293&ver=1585664254,Coronavirus - CodeClan,1,1
/coronavirus/?fbclid=IwAR01R4BN2IKb0_k644wLBXYAa9tgYTvtWvIcABC2_gQuNm4sk-xUrcu9mTI,Coronavirus - CodeClan,1,1
/coronavirus/?fbclid=IwAR0FQ6CEjBYSGyjOAFM_wROon1Yp684GpVyco3hb5O3CsfThBt6UyBRc4MI,Coronavirus - CodeClan,1,1
/coronavirus/?fbclid=IwAR0X1-HoVRwRKx6zO_1-VBwGRMS3RvZLfvYoUHQU6PLUE0Q5vJ68aV7HqlA,Coronavirus - CodeClan,1,1
/coronavirus/?fbclid=IwAR15NsNm_ixB_dmuvxWL9VLiwYCRKL0g99M_9tCh7p8uLWZ8wtFJkUS_rHQ,Coronavirus - CodeClan,1,1
/coronavirus/?fbclid=IwAR16MkmvfbhsrzMegWcda6bz2VerBA5SpaiAy7TxagRs7IKq2e3PJuY4SIg,Coronavirus - CodeClan,1,1
/coronavirus/?fbclid=IwAR16sdDWb9gQw8kUzEhLomrDDWbYFlqqzdx05ZTiysUBXb6ZbHbE47zRCwU,Coronavirus - CodeClan,1,1
/coronavirus/?fbclid=IwAR1BzOYbI95hesdXFBZNAidjGCN38j86zqKcJLXa55mFcVF5EYz1bT7vM8U,Coronavirus - CodeClan,1,1
/coronavirus/?fbclid=IwAR1eDe47jGK5l7s-3ZFkEyemDxWTFth-_HlDa1SI8IyqsX5LCYFi_JCVqx0,Coronavirus - CodeClan,1,1
/coronavirus/?fbclid=IwAR1NBHTo-O0JMGTJELPOtJMxK8o2IZPh739R38GDgenox-W3e45fw11rBqk,Coronavirus - CodeClan,1,1
/coronavirus/?fbclid=IwAR25scBYKfepmQf-nZC8HpYdJvBJbWVjULGpBSHkOJmqIzqtsN43oB7TvPw,Coronavirus - CodeClan,1,1
/coronavirus/?fbclid=IwAR2Chv2Y4ZYzNRkfxrIpleNWp8Gj9D4YiHi2EZ_JtVDok3Y493psuajV7gs,Coronavirus - CodeClan,1,1
/coronavirus/?fbclid=IwAR35UBEVh6eM1vtC1ZflZt4qiYTs6QZxyZhxPMn3l0LBuKEOerfT0gifTSk,Coronavirus - CodeClan,1,1
/coronavirus/?fbclid=IwAR36IyOY_lAg1bWN51C85D8Iq4ZC1OkXuA_U2sV_5MAPYFcgT_hNToNSeQU,Coronavirus - CodeClan,1,1
/coronavirus/?fbclid=IwAR3BgXd3J_ySpwOBTBULhEu1gvf8wlNm6GdXinAJnSPET3HpdEq_tC4lApA,Coronavirus - CodeClan,1,1
/coronavirus/?fbclid=IwAR3e8Db3VTY5ACYx4-0vM2mcjmAM2jxbpUmMqmH5_OmpWXV3rCjGwjuZEoM,Coronavirus - CodeClan,1,1
/coronavirus/?fbclid=IwAR3s7g8Mi4T7HYeMCIJpzasoPT6sc9uNQaLR-CdeQIVtauCuxBnX3om1s9w,Coronavirus - CodeClan,1,1
/coronavirus/?fbclid=IwAR3um_L66Zip1fhRbZjF9V-n-9zqUnAqm1SJuCrpdWng2gQbMOcd0G26JxM,Coronavirus - CodeClan,1,1
/coronovirus,Page not found - CodeClan,3,2
/course_java,Page not found - CodeClan,1,1
/courses/,Learn to code - Digital & programming courses - CodeClan Edinburgh & Glasgow,847,610
/courses/?elementor-preview=22&ver=1586428012,Learn to code - Digital & programming courses - CodeClan Edinburgh & Glasgow,1,1
/courses/?elementor-preview=22&ver=1586440982,Learn to code - Digital & programming courses - CodeClan Edinburgh & Glasgow,1,1
/courses/?elementor-preview=22&ver=1586861969,Learn to code - Digital & programming courses - CodeClan Edinburgh & Glasgow,1,1
/courses/?elementor-preview=22&ver=1586862832,Learn to code - Digital & programming courses - CodeClan Edinburgh & Glasgow,1,1
/courses/?elementor-preview=22&ver=1586866486,Learn to code - Digital & programming courses - CodeClan Edinburgh & Glasgow,1,1
/courses/?fbclid=IwAR0hFaa0NtSMYHE06cMs9hnbuMXwnpEJzMvhfAgPi8QS9UVDWz3_w-uGy78,Learn to code - Digital & programming courses - CodeClan Edinburgh & Glasgow,1,1
/courses/?fbclid=IwAR0il5UKjSbmdP10D5l50BxqixP6UUxnC2tuQOE5fONTWfLq3oTjvOHm5Rc,Learn to code - Digital & programming courses - CodeClan Edinburgh & Glasgow,1,1
/courses/?fbclid=IwAR0Y1G2ZqRFTph3riATron48McPqGZVbv0B2TgFaF_THAa1TuxX9ngNMYtI,Learn to code - Digital & programming courses - CodeClan Edinburgh & Glasgow,1,1
/courses/?fbclid=IwAR1MoMxo5xD1GbJONJ8bAvlUx42qD0m3SWVF6Tgz69-Nk5vyfSP5mk9KcGQ,Learn to code - Digital & programming courses - CodeClan Edinburgh & Glasgow,1,1
/courses/?preview_id=22&preview_nonce=1b30534f64&preview=true,Learn to code - Digital & programming courses - CodeClan Edinburgh & Glasgow,3,1
/courses/16-week-course/apply/,Page not found - CodeClan,8,7
/courses/16-week-course/apply/thank-you/,Page not found - CodeClan,1,1
/courses/agile-for-effective-teams/,Agile for Effective Teams - Agile Development Course - CodeClan,60,58
/courses/agile-for-effective-teams/?elementor-preview=10255&ver=1585565376,Agile for Effective Teams - Agile Development Course - CodeClan,1,1
/courses/bespoke-courses/,Bespoke Courses - Digital and coding training for teams - CodeClan,47,44
/courses/data-analysis/,14-week Data Analysis course | CodeClan,705,560
/courses/data-analysis/,2020 NEW Data Analysis - CodeClan,8,4
/courses/data-analysis/,Data Analysis - CodeClan,281,191
/courses/data-analysis/?ct=t(Virtual+Learning+Experience+Update)&mc_cid=345c4ed3c2&mc_eid=[UNIQID],14-week Data Analysis course | CodeClan,10,9
/courses/data-analysis/?elementor-preview=25885&ver=1584633373,14-week Data Analysis course | CodeClan,1,1
/courses/data-analysis/?elementor-preview=25885&ver=1585238852,14-week Data Analysis course | CodeClan,1,1
/courses/data-analysis/?elementor-preview=25885&ver=1585581288,14-week Data Analysis course | CodeClan,1,1
/courses/data-analysis/?elementor-preview=25885&ver=1586171314,14-week Data Analysis course | CodeClan,1,1
/courses/data-analysis/?elementor-preview=25885&ver=1586272815,14-week Data Analysis course | CodeClan,1,1
/courses/data-analysis/?elementor-preview=26451&ver=1586351222,2020 NEW Data Analysis - CodeClan,1,1
/courses/data-analysis/?elementor-preview=26451&ver=1586351429,Data Analysis - CodeClan,1,1
/courses/data-analysis/?elementor-preview=26451&ver=1586421782,Data Analysis - CodeClan,1,1
/courses/data-analysis/?elementor-preview=26451&ver=1586421884,Data Analysis - CodeClan,1,1
/courses/data-analysis/?elementor-preview=26451&ver=1586422155,Data Analysis - CodeClan,1,1
/courses/data-analysis/?elementor-preview=26451&ver=1586428260,Data Analysis - CodeClan,1,1
/courses/data-analysis/?elementor-preview=26451&ver=1586429774,Data Analysis - CodeClan,1,1
/courses/data-analysis/?elementor-preview=26451&ver=1586430838,Data Analysis - CodeClan,1,1
/courses/data-analysis/?elementor-preview=26451&ver=1586433257,Data Analysis - CodeClan,1,1
/courses/data-analysis/?elementor-preview=26451&ver=1586447588,Data Analysis - CodeClan,1,1
/courses/data-analysis/?preview_id=26451&preview_nonce=5a69e2efb4&preview=true,Data Analysis - CodeClan,7,1
/courses/data-analysis/admissions@codeclan.com,Page not found - CodeClan,2,2
/courses/data-analysis/application-process/,Data Analysis Application Process - CodeClan,51,44
/courses/data-analysis/application-process/,Page not found - CodeClan,3,1
/courses/data-analysis/application-process/?elementor-preview=16717&ver=1585151481,Data Analysis Application Process - CodeClan,1,1
/courses/data-analysis/application-process/?elementor-preview=16717&ver=1586272761,Data Analysis Application Process - CodeClan,1,1
/courses/data-analysis/apply/,Apply for Data Analysis - CodeClan,158,130
/courses/data-analysis/apply/,Page not found - CodeClan,6,2
/courses/data-analysis/apply/?elementor-preview=18231&ver=1586187464,Apply for Data Analysis - CodeClan,1,1
/courses/data-analysis/apply/?elementor-preview=18231&ver=1586258252,Apply for Data Analysis - CodeClan,1,1
/courses/data-analysis/apply/?elementor-preview=18231&ver=1586262877,Apply for Data Analysis - CodeClan,1,1
/courses/data-analysis/apply/?elementor-preview=18231&ver=1586263061,Apply for Data Analysis - CodeClan,1,1
/courses/data-analysis/apply/?elementor-preview=18231&ver=1586340682,Apply for Data Analysis - CodeClan,1,1
/courses/data-analysis/apply/?elementor-preview=18231&ver=1586343608,Apply for Data Analysis - CodeClan,1,1
/courses/data-analysis/apply/?elementor-preview=18231&ver=1586350924,Apply for Data Analysis - CodeClan,1,1
/courses/data-analysis/apply/?preview_id=18231&preview_nonce=1609bab611&preview=true,Apply for Data Analysis - CodeClan,4,1
/courses/data-analysis/apply/?preview_id=18231&preview_nonce=1732c04a3f&preview=true,Apply for Data Analysis - CodeClan,2,1
/courses/data-analysis/case-study/,"Case study: Meet Blair, Data Engineer & CodeClan graduate - Data Analysis - CodeClan",69,46
/courses/data-analysis/case-study/?elementor-preview=25901&ver=1586343078,"Case study: Meet Blair, Data Engineer & CodeClan graduate - Data Analysis - CodeClan",1,1
/courses/data-analysis/case-study/?elementor-preview=25901&ver=1586350952,"Case study: Meet Blair, Data Engineer & CodeClan graduate - Data Analysis - CodeClan",1,1
/courses/data-analysis/cost-and-funding/,Cost and Funding - CodeClan,211,160
/courses/data-analysis/cost-and-funding/,Page not found - CodeClan,3,3
/courses/data-analysis/cost-and-funding/?elementor-preview=19831&ver=1586266452,Cost and Funding - CodeClan,1,1
/courses/data-analysis/cost-and-funding/?elementor-preview=19831&ver=1586341971,Cost and Funding - CodeClan,1,1
/courses/data-analysis/cost-and-funding/?elementor-preview=19831&ver=1586350895,Cost and Funding - CodeClan,1,1
/courses/data-analysis/info-pack/,Data Analysis Info Pack Download - CodeClan,57,37
/courses/data-analysis/info-pack/,Page not found - CodeClan,12,4
/courses/data-analysis/info-pack/?elementor-preview=26923&ver=1586265539,Data Analysis Info Pack Download - CodeClan,1,1
/courses/data-analysis/info-pack/?elementor-preview=26923&ver=1586265683,Data Analysis Info Pack Download - CodeClan,1,1
/courses/data-analysis/info-pack/?elementor-preview=26923&ver=1586266591,Data Analysis Info Pack Download - CodeClan,1,1
/courses/data-analysis/info-pack/?elementor-preview=26923&ver=1586266874,Data Analysis Info Pack Download - CodeClan,1,1
/courses/data-analysis/info-pack/?elementor-preview=26923&ver=1586343686,Data Analysis Info Pack Download - CodeClan,1,1
/courses/data-analysis/info-pack/?elementor-preview=26923&ver=1586350778,Data Analysis Info Pack Download - CodeClan,1,1
/courses/data-analysis/info-pack/?elementor-preview=26923&ver=1586350857,Data Analysis Info Pack Download - CodeClan,1,1
/courses/data-analysis/info-pack/?elementor-preview=26923&ver=1586351047,Data Analysis Info Pack Download - CodeClan,1,1
/courses/data-analysis/thank-you-data-pack-download/,Page not found - CodeClan,2,1
/courses/data-analysis/thank-you-data-pack-download/,Thank You Data Pack Download - CodeClan,38,28
/courses/data-analysis/thank-you-data-pack-download/?elementor-preview=26941&ver=1586266238,Thank You Data Pack Download - CodeClan,1,1
/courses/data-analysis/thank-you-data-pack-download/?elementor-preview=26941&ver=1586266764,Thank You Data Pack Download - CodeClan,1,1
/courses/data-analysis/thank-you-data-pack-download/?elementor-preview=26941&ver=1586343713,Thank You Data Pack Download - CodeClan,1,1
/courses/data-analysis/thank-you-data-pack-download/?elementor-preview=26941&ver=1586350825,Thank You Data Pack Download - CodeClan,1,1
/courses/data-analysis/thank-you-syllabus-download/?elementor-preview=26941&ver=1586266048,Thank You Syllabus Download - CodeClan,1,1
/courses/data-analysis1/,14-week Data Analysis course | CodeClan,8,2
/courses/data-analysis1/apply/,Apply for Data Analysis - CodeClan,2,2
/courses/data-analysis1/case-study/,"Case study: Meet Blair, Data Engineer & CodeClan graduate - Data Analysis - CodeClan",2,2
/courses/data-analysis1/cost-and-funding/,Cost and Funding - CodeClan,1,1
/courses/data-analysis1/info-pack/,Data Analysis Info Pack Download - CodeClan,1,1
/courses/data-analysis1/thank-you-data-pack-download/,Thank You Data Pack Download - CodeClan,1,1
/courses/data-carpentry/,Learn Data Carpentry - R Programming Course Series - CodeClan,3,3
/courses/edaid-apply/,Apply for selected CodeClan courses with EdAid - CodeClan,74,71
/courses/edaid-apply/data/,EdAid Data - CodeClan,3,3
/courses/edaid-apply/data/data_analysis_application_1,EdAid Data - CodeClan,1,1
/courses/edaid-apply/data/data_analysis_application_2,EdAid Data - CodeClan,1,1
/courses/edaid-apply/fswd/,EdAid FSWD - CodeClan,1,1
/courses/edaid-apply/psd/,EdAid PSD - CodeClan,3,3
/courses/edinburgh/,Learn to code - Digital & programming courses - CodeClan Edinburgh & Glasgow,103,76
/courses/full-stack-web-development/,Full-Stack Web Development - CodeClan,283,251
/courses/full-stack-web-development/?elementor-preview=16920&ver=1584610704,Full-Stack Web Development - CodeClan,1,1
/courses/full-stack-web-development/apply-inverness/,Apply for Inverness - CodeClan,34,31
/courses/full-stack-web-development/cost-and-funding/,Cost and Funding - CodeClan,114,103
/courses/intro-to-r/,Intro to R - R Programming Course Series - CodeClan,4,4
/courses/managing-growth-with-agile/,Managing Growth with Agile - Courses - CodeClan,5,2
/courses/managing-growth-with-agile/?elementor-preview=27015&ver=1586870910,Managing Growth with Agile - Courses - CodeClan,1,1
/courses/professional-software-development/,16-week Software Development course - CodeClan Edinburgh & Glasgow,1446,1068
/courses/professional-software-development/?ct=t(Virtual+Learning+Experience+Update)&mc_cid=345c4ed3c2&mc_eid=[UNIQID],16-week Software Development course - CodeClan Edinburgh & Glasgow,30,24
/courses/professional-software-development/?ct=t(Webinar+update_COPY_01)&mc_cid=2c858a035b&mc_eid=[UNIQID],16-week Software Development course - CodeClan Edinburgh & Glasgow,6,5
/courses/professional-software-development/?ct=t(Webinar+update)&mc_cid=fbf9a00785&mc_eid=[UNIQID],16-week Software Development course - CodeClan Edinburgh & Glasgow,18,18
/courses/professional-software-development/?elementor-preview=23&ver=1584633212,16-week Software Development course - CodeClan Edinburgh & Glasgow,1,1
/courses/professional-software-development/?elementor-preview=23&ver=1585572438,16-week Software Development course - CodeClan Edinburgh & Glasgow,1,1
/courses/professional-software-development/?elementor-preview=23&ver=1585580904,16-week Software Development course - CodeClan Edinburgh & Glasgow,1,1
/courses/professional-software-development/?elementor-preview=23&ver=1585581580,16-week Software Development course - CodeClan Edinburgh & Glasgow,1,1
/courses/professional-software-development/?elementor-preview=23&ver=1585747570,16-week Software Development course - CodeClan Edinburgh & Glasgow,1,1
/courses/professional-software-development/?elementor-preview=23&ver=1586265005,16-week Software Development course - CodeClan Edinburgh & Glasgow,1,1
/courses/professional-software-development/?elementor-preview=23&ver=1586428023,16-week Software Development course - CodeClan Edinburgh & Glasgow,1,1
/courses/professional-software-development/?fbclid=IwAR1nv3LWnBBCPqCERAcVlNZoTs5BddPLPWX3KoHJuz3fEepqJFkuwe3SPxA,16-week Software Development course - CodeClan Edinburgh & Glasgow,1,1
/courses/professional-software-development/?fbclid=IwAR1WgQB_4KsrzlsIMQMa2C3mIT5pMNigC6Hx5U2K1ucebxhZQmKWUfB-88s,16-week Software Development course - CodeClan Edinburgh & Glasgow,1,1
/courses/professional-software-development/?fbclid=IwAR3Zgpyj-99B5GO3iBholne624pqjDLPwYu7B7BtkajYL9iP9wsed_HGRSY,16-week Software Development course - CodeClan Edinburgh & Glasgow,1,1
/courses/professional-software-development/?preview_id=23&preview_nonce=6c1c836aa8&preview=true,16-week Software Development course - CodeClan Edinburgh & Glasgow,1,1
/courses/professional-software-development/alasdairs-career-change/,"Alasdair, Teacher to Developer - Graduate Case Study - CodeClan",5,4
/courses/professional-software-development/application-and-dates/,Application Process & Course Dates - Software Development - CodeClan,136,108
/courses/professional-software-development/apply/,Apply for our 16-week Software Development Course - CodeClan,301,280
/courses/professional-software-development/career-support/,Career support - Finding your job in tech - CodeClan Edinburgh & Glasgow,40,36
/courses/professional-software-development/charlotte-case-study/,"Charlotte, Midwife to Junior Developer - Graduate Case Study - CodeClan",9,8
/courses/professional-software-development/cost-and-funding/,Cost & Funding Options - Software Development Course - CodeClan,556,479
/courses/professional-software-development/curriculum/,Curriculum - CodeClan,218,185
/courses/professional-software-development/curriculum/?fbclid=IwAR1nFGmF7J16HH5scMjQHSm83ug59KHbSiKCIfdzvc77LZFhyNUkUuAgjmc,Curriculum - CodeClan,1,1
/courses/professional-software-development/johns-route-to-career-progression/,John's Route to Career Progression - CodeClan,8,5
/courses/professional-software-development/sarahs-reskilling-story/,Sarah's Reskilling Story - CodeClan,5,5
/courses/professional-software-development/student-case-studies/,Graduate Stories - Discover our Success Stories - CodeClan Edinburgh & Glasgow,20,17
/courses/professional-software-development/student-projects/,Student Projects - Professional Software Development Course - CodeClan,20,19
/courses/professional-software-development/thank-you-syllabus-download/,Thank You Syllabus Download - CodeClan,81,56
/courses/programming-with-r/,Learn Programming with R - R Programming Courses - CodeClan,65,60
/courses/python-for-developers/,Python for Developers - CodeClan,151,135
/courses/python-for-developers/?elementor-preview=23976&ver=1585563771,Python for Developers - CodeClan,1,1
/courses/python-for-developers/?elementor-preview=23976&ver=1585565462,Python for Developers - CodeClan,1,1
/courses/r-programming/,R Programming Series - 1-Day courses to power up on Data - CodeClan,9,9
/courses/short-courses/,Short Courses - CodeClan,57,52
/courses/statistical-modelling/,Learn Statistical Modelling - R Programming Course Series - CodeClan,4,4
/courses/thank-you-applying-web-development/,Thank you for applying for Web Development - CodeClan,2,2
/courses/thank-you-data-analysis-application/,Thank you for your Data Analysis application - CodeClan,10,10
/courses/thank-you-data-analysis-application/?elementor-preview=18239&ver=1586351812,Thank you for your Data Analysis application - CodeClan,2,2
/courses/thank-you-for-joining-our-bespoke-course/,Thank you for joining our Bespoke course - CodeClan,1,1
/courses/thank-you-for-joining-our-programming-with-r-course/,Thank you for joining our Programming with R course - CodeClan,2,2
/courses/thank-you-for-joining-our-short-course/,Thank you for joining our short course - CodeClan,2,2
/courses/thank-you-for-joining-our-understanding-programming-course/,Thank you for joining our Understanding Software Development course - CodeClan,4,4
/courses/thank-you-for-joining-our-ux-design-fundamentals-course/,Thank you for joining our UX Design Fundamentals course - CodeClan,2,2
/courses/thank-you-for-joining-python-developers/,Thank you for joining Python for Developers - CodeClan,2,2
/courses/thank-you-for-joining-software-applications/,Thank you for joining How Software Applications Work - CodeClan,3,2
/courses/thank-you-for-your-application/,Thank you for your application - CodeClan,30,26
/courses/thanks-managing-growth-agile/,Thank you for joining Managing Growth with Agile - CodeClan,2,2
/courses/understand-software-applications/,Understand How Software Applications Work - Upskilling Course - CodeClan,18,6
/courses/understand-software-applications/?elementor-preview=26878&ver=1586863087,Understand How Software Applications Work - Upskilling Course - CodeClan,1,1
/courses/understand-software-applications/?elementor-preview=26878&ver=1586864661,Understand How Software Applications Work - Upskilling Course - CodeClan,1,1
/courses/understand-software-applications/?elementor-preview=26878&ver=1586867215,Understand How Software Applications Work - Upskilling Course - CodeClan,1,1
/courses/understand-software-applications/?elementor-preview=26878&ver=1586867898,Understand How Software Applications Work - Upskilling Course - CodeClan,1,1
/courses/understand-software-applications/?elementor-preview=26878&ver=1586868000,Understand How Software Applications Work - Upskilling Course - CodeClan,1,1
/courses/understand-software-applications/?elementor-preview=26878&ver=1586869714,Understand How Software Applications Work - Upskilling Course - CodeClan,1,1
/courses/understand-software-applications/?elementor-preview=26878&ver=1586870146,Understand How Software Applications Work - Upskilling Course - CodeClan,1,1
/courses/understand-software-applications/?elementor-preview=26878&ver=1586870621,Understand How Software Applications Work - Upskilling Course - CodeClan,1,1
/courses/understanding-programming/,Page not found - CodeClan,3,2
/courses/understanding-software-development/,Understanding Software Development - CodeClan,173,151
/courses/understanding-software-development/?elementor-preview=23967&ver=1585564058,Understanding Software Development - CodeClan,1,1
/courses/understanding-software-development/?elementor-preview=23967&ver=1586525318,Understanding Software Development - CodeClan,1,1
/courses/understanding-software-development/?preview_id=23967&preview_nonce=10804b1864&preview=true,Understanding Software Development - CodeClan,1,1
/courses/ux-advanced/,UX Advanced Course - Digital Training & Upskilling - CodeClan,42,40
/courses/ux-advanced/?elementor-preview=21410&ver=1585565299,UX Advanced Course - Digital Training & Upskilling - CodeClan,1,1
/courses/ux-advanced/?elementor-preview=21410&ver=1585565428,UX Advanced Course - Digital Training & Upskilling - CodeClan,1,1
/courses/ux-design-fundamentals/,UX Design Fundamentals course - Digital Training Courses - CodeClan,116,107
/courses/visualisation-r/,Learn Data Visualisation & Advanced Graphics - R Programming - CodeClan,2,2
/data-analysis-announcement/,Page not found - CodeClan,66,52
/data-analysis-announcement/?ct=t(Webinar+update_COPY_01)&mc_cid=2c858a035b&mc_eid=[UNIQID],Page not found - CodeClan,7,6
/data-analysis-announcement/?ct=t(Webinar+update_COPY_01)&mc_cid=2c858a035b&mc_eid=[UNIQID]&retryWith=proxify&originalResponseCode=404,Page not found - CodeClan,1,1
/data-analysis-announcement/?ct=t(Webinar+update)&mc_cid=fbf9a00785&mc_eid=[UNIQID],Page not found - CodeClan,13,13
/data-analysis-announcement/?fbclid=IwAR0QFG0bOT589Lr6wSibDZ5msZ14auShkM9RRqT7CiqSptD3tt-STeThXJY,Page not found - CodeClan,1,1
/data-analysis-announcement/?li_fat_id=f41e217b-e9d4-49d1-9aa6-db2468844c33,Page not found - CodeClan,1,1
/data-analysis-announcement/data-analysis-thank-you-for-registering-interest/,Data Analysis thank you for registering interest - CodeClan,9,8
/data-analysis-announcement/dataset-exercise/,Dataset Exercise - Data Analysis Course - CodeClan,32,25
/data-protection/,Privacy Notice - CodeClan,2,2
/data-skills-survey/,Data Skills Survey - CodeClan,1,1
/data/,Data at CodeClan - Change Career or Register for Short COurses - CodeClan,2,1
/data/?elementor-preview=26057&ver=1585066744,Data at CodeClan - Change Career or Register for Short COurses - CodeClan,1,1
/data/data-analysis-info-pack-download/,Data Analysis Info Pack Download - CodeClan,3,2
/data/data-analysis-info-pack-download/?elementor-preview=26923&ver=1586262865,Data Analysis Info Pack Download - CodeClan,1,1
/data/data-analysis-info-pack-download/?elementor-preview=26923&ver=1586262900,Data Analysis Info Pack Download - CodeClan,1,1
/data/data-analysis-info-pack-download/?elementor-preview=26923&ver=1586263364,Data Analysis Info Pack Download - CodeClan,1,1
/data/data-analysis-info-pack-download/?elementor-preview=26923&ver=1586264038,Data Analysis Info Pack Download - CodeClan,1,1
/data/data-analysis-info-pack-download/?elementor-preview=26923&ver=1586264820,Data Analysis Info Pack Download - CodeClan,1,1
/data/data-analysis-info-pack-download/?preview_id=26923&preview_nonce=bd080b94e0&preview=true,Data Analysis Info Pack Download - CodeClan,1,1
/digital-careers/,Digital Careers - Shift your Skills into a Career in Tech - CodeClan,62,52
/digital-careers/data-scientist/,Data Scientist - Digital & Tech Careers - CodeClan,16,12
/digital-careers/product-owner/,Product Owner - Digital & Tech Careers - CodeClan,15,13
/digital-careers/software-developer/,Software Developer - Digital & Tech Careers - CodeClan,21,19
/digital-careers/support-engineer/,Support Engineer - Digital & Tech Careers - CodeClan,4,4
/digital-careers/test-engineer/,Test Engineer - Digital & Tech Careers - CodeClan,8,6
/digital-careers/ux-consultant/,UX Consultant - CodeClan,12,10
/edinburgh/,Edinburgh - CodeClan,145,126
/Edinburgh/,Edinburgh - CodeClan,102,93
/edinburgh/?elementor-preview=19146&ver=1584633442,Edinburgh - CodeClan,1,1
/edinburgh/?elementor-preview=19146&ver=1584633560,Edinburgh - CodeClan,1,1
/enquire/,Contact Us - Get in touch about training & hiring - CodeClan,143,123
/enquire/?fbclid=IwAR1gIObM3Hkjw4HeAZyjRU_0NL0gCLi8s2O2VEki8R3iNVAsEVR9vLT0g-4,Contact Us - Get in touch about training & hiring - CodeClan,1,1
/enquire/?fbclid=IwAR1iv5Duh61NsznmnMco1YNZ8NVI4h3TI5WODQ630RQaw7z220u_0irTm_Y,Contact Us - Get in touch about training & hiring - CodeClan,1,1
/enquire/?fbclid=IwAR1NFFF_WWOzZY_ce_hTqwtM-ggnpzulT67R_JJKy3kyQEwgn2sFXc59F9o,Contact Us - Get in touch about training & hiring - CodeClan,1,1
/enquire/?fbclid=IwAR1qrS3P9TltOz4Ts6iDwjVKkeS_8b7db2IOSMkisOhCev82biBbeUMunUg,Contact Us - Get in touch about training & hiring - CodeClan,1,1
/enquire/?fbclid=IwAR3HWckUhfoVKHKtsJ5f8jM-K3DSDtKdhobQMGOiPLPDlTNZdeVS66gmqdI,Contact Us - Get in touch about training & hiring - CodeClan,1,1
/enquire/?fbclid=IwAR3lrrqq5UcBaERSrRXrqG2KTIlTnQx9Xybh3PkLOvwxyW_x-S9Q1_cCmi4,Contact Us - Get in touch about training & hiring - CodeClan,1,1
/enquire/?fbclid=IwAR3twOyzR5veVi15_FsveS3zP2seFGgFo1UrV-JqjBoidHiMSSd77u2VxN4,Contact Us - Get in touch about training & hiring - CodeClan,1,1
/enquire/thank-you-for-your-enquiry/,Thank you for your enquiry - CodeClan,3,3
/enquire/thank-you-for-your-partner-enquiry/,Thank you for your Partner enquiry - CodeClan,1,1
/events/,"Coding, tech industry & recruitment events - CodeClan Edinburgh & Glasgow",57,37
/events/?elementor-preview=65&ver=1585032977,"Coding, tech industry & recruitment events - CodeClan Edinburgh & Glasgow",1,1
/events/?preview_id=65&preview_nonce=e1372626de&preview=true,"Coding, tech industry & recruitment events - CodeClan Edinburgh & Glasgow",4,1
/events/alumni-events/,Alumni Events - CodeClan,4,2
/events/alumni-events/?elementor-preview=15786&ver=1585032122,Alumni Events - CodeClan,1,1
/events/alumni-events/?preview_id=15786&preview_nonce=2a226189d8&preview=true,Alumni Events - CodeClan,2,1
/events/edinburgh/,Edinburgh Events - CodeClan,23,20
/events/edinburgh/?elementor-preview=19194&ver=1585033819,Edinburgh Events - CodeClan,1,1
/events/glasgow/,Glasgow Events - CodeClan,13,11
/events/info-taster-session-events/,Open Evenings & Coding Experiences - CodeClan,61,53
/events/info-taster-session-events/?elementor-preview=15742&ver=1584970457,Open Evenings & Coding Experiences - CodeClan,1,1
/events/info-taster-session-events/?fbclid=IwAR0m105gfXNczrQti-va7fMdV14wyEv6tyAYkOeyPhIq72BzHaA-HarQRx8,Page not found - CodeClan,1,1
/events/info-taster-session-events/?fbclid=IwAR165A015GT-waWpBdqELwlM3DMgyomlG3h8M9rGi_BN0iU5IRBHo4hoaNo,Page not found - CodeClan,1,1
/events/info-taster-session-events/?fbclid=IwAR1cjhpkQ_FUR1OjtUCBiyhiLKdzMSOrW20CcxjD-ADb43gOOidZqS6vJYY,Open Evenings & Coding Experiences - CodeClan,1,1
/events/info-taster-session-events/?fbclid=IwAR1eavDMZAMQ_aCd3f9FsKwQ7tGWNYYKpX2FjA-m0pA__cm5ukAWli3Yp6A,Open Evenings & Coding Experiences - CodeClan,1,1
/events/info-taster-session-events/?fbclid=IwAR3C_H13UZ7_iT6Wh0ryjnpNJQqoNgY2gtfAGmBu2PVdeu6G8T077eyFFxY,Page not found - CodeClan,1,1
/events/inverness-events/,Inverness Events - CodeClan,7,6
/events/other-events/,Other Events - CodeClan,9,7
/events/partner-events/,Partner Events - CodeClan,37,26
/events/partner-events/?elementor-preview=15771&ver=1584977396,Partner Events - CodeClan,1,1
/events/partner-events/?elementor-preview=15771&ver=1585034636,Partner Events - CodeClan,1,1
/events/partner-events/?preview_id=15771&preview_nonce=c69bbae9e7&preview=true,Partner Events - CodeClan,13,1
/for-employers/,For Employers - Source digital talent & upskill your team - CodeClan,124,105
/for-employers/?elementor-preview=52&ver=1584633654,For Employers - Source digital talent & upskill your team - CodeClan,1,1
/for-employers/access-candidate-profiles/,Access Candidate Profiles - CodeClan,1,1
/for-employers/become-a-partner/,Become a partner - CodeClan,38,34
/for-employers/client-xperience/,Client Xperience - CodeClan,7,7
/for-employers/community-outreach/,Community outreach - CodeClan,13,12
/for-employers/employer-case-studies/,Employer Case Studies - Hiring & Upskilling - CodeClan,11,11
/for-employers/employer-case-studies/freeagent/,FreeAgent - Employer Hiring Case Study - CodeClan,2,1
/for-employers/employer-case-studies/zonal-case-study/,Zonal Case Study - CodeClan,2,2
/for-employers/graduates-for-hire/,Graduates For Hire - CodeClan,25,13
/for-employers/graduates-for-hire/?elementor-preview=25475&ver=1584616990,Graduates For Hire - CodeClan,1,1
/for-employers/graduates-for-hire/?elementor-preview=25475&ver=1584629089,Graduates For Hire - CodeClan,1,1
/for-employers/graduates-for-hire/?elementor-preview=25475&ver=1584706463,Graduates For Hire - CodeClan,1,1
/for-employers/graduates-for-hire/?elementor-preview=25475&ver=1585130303,Graduates For Hire - CodeClan,1,1
/for-employers/hire-with-codeclan/,Hire with CodeClan - Access Digital & Development Talent - CodeClan,43,37
/for-employers/sponsorships/,Sponsor your staff - CodeClan,8,8
/for-employers/upskill-your-staff/,Upskill your staff - Digital & coding training for teams - CodeClan,15,15
/funding/,Funding - CodeClan,62,41
/funding/?fbclid=IwAR0_HHvBMTiUV-N5u9lW3Oiuv2UoD_xY8VZwcsRIqoF54_fXQK4hZ18uzLs,Funding - CodeClan,1,1
/funding/?fbclid=IwAR09LijygToEPe9ElRb3iBm5Z2vVgYG5V7RQkXya-0I2oUvWeEypS5L4_Cg,Funding - CodeClan,1,1
/funding/?fbclid=IwAR0CyrKdeHsZOw_G9z_9C4w-_0gcirCEgksITriGnJQz67qjmSyFA8e43LQ,Funding - CodeClan,1,1
/funding/?fbclid=IwAR1iPcR6QhMYY_hSxtrOKF54vWh9WaswhezrkcqTl_GYHFG4boePDnYrI80,Funding - CodeClan,2,1
/funding/?fbclid=IwAR1p6lrGOldFruHFkC6510UQQHKh9h2H248Ti7M9HZQ_NLdCN6H-1mg_ap0,Funding - CodeClan,1,1
/funding/?fbclid=IwAR2eoRJgMFUB6f1u3aoM0IA6C22jovE64LtfzzmqazcpP6g8mWCngPuUCks,Funding - CodeClan,2,2
/funding/?fbclid=IwAR2znYaaZj1eXnfq3wQz5SrO51aEYE2GbjPSIAz4Wi46qcxD4xxbu8TYS4o,Funding - CodeClan,1,1
/funding/?fbclid=IwAR3fgTORr1oXDgMLi52vefJAUIZRk_VRF9fBLl90zwt5Q-gjh3djQIvUNls,Funding - CodeClan,1,1
/glasgow/,"Glasgow, Shift your Skills into a Tech Role - CodeClan",161,121
/Glasgow/,"Glasgow, Shift your Skills into a Tech Role - CodeClan",70,59
/glasgow/?elementor-preview=18783&ver=1584633534,"Glasgow, Shift your Skills into a Tech Role - CodeClan",1,1
/inverness/,Inverness - CodeClan,43,32
/inverness/?elementor-preview=18983&ver=1584633625,Inverness - CodeClan,1,1
/inverness/?elementor-preview=18983&ver=1585034170,Inverness - CodeClan,1,1
/inverness/?preview_id=18983&preview_nonce=9f00561347&preview=true,Inverness - CodeClan,4,1
/laptop-competition-tcs/,Laptop Competition T&C's - CodeClan,2,2
/meet-cohort-e36/,Meet Cohort E36 - CodeClan,4,3
/meet-cohort-E36/,Meet Cohort E36 - CodeClan,2,1
/ourbrand/,Our-brand - CodeClan,5,2
/page/2/?s=intro+to+programming,You searched for intro to programming - Page 2 of 3 - CodeClan,1,1
/page/2/?s=meet+our+team,You searched for meet our team - Page 2 of 10 - CodeClan,1,1
/page/2/?s=meet+the+team,You searched for meet the team - Page 2 of 10 - CodeClan,1,1
/page/3/?s=intro+to+programming,You searched for intro to programming - Page 3 of 3 - CodeClan,1,1
/page/3/?s=meet+our+team,You searched for meet our team - Page 3 of 10 - CodeClan,1,1
/page/3/?s=meet+the+team,You searched for meet the team - Page 3 of 10 - CodeClan,1,1
/page/4/?s=meet+our+team,You searched for meet our team - Page 4 of 10 - CodeClan,1,1
/page/4/?s=meet+the+team,You searched for meet the team - Page 4 of 10 - CodeClan,1,1
/page/5/?s=meet+our+team,You searched for meet our team - Page 5 of 10 - CodeClan,1,1
/page/5/?s=meet+the+team,You searched for meet the team - Page 5 of 10 - CodeClan,1,1
/page/6/?s=meet+the+team,You searched for meet the team - Page 6 of 10 - CodeClan,1,1
/page/8/?s=meet+the+team,You searched for meet the team - Page 8 of 10 - CodeClan,1,1
/partner-terms-and-conditions/,Partner terms and conditions - CodeClan,1,1
/pre-course-work-data-analysis/,Pre-course Work: Data Analysis - CodeClan,19,18
/pre-course-work/,Pre-course Work - CodeClan,229,201
/site-map/,Sitemap - CodeClan,18,10
/store/,Store - CodeClan,28,22
/store/campus-t-shirt/,Campus T-shirt - CodeClan,1,1
/store/logo-t-shirt/,Logo T-shirt - CodeClan,1,1
/store/navy-marl-beanie/,Navy Marl Beanie - CodeClan,1,1
/store/notepad/,Notepad - CodeClan,1,1
/store/order-complete/,Order Complete - CodeClan,1,1
/store/pull-over-hoodie/,Pull-Over Hoodie - CodeClan,2,1
/store/zipped-hoodie/,Zipped Hoodie - CodeClan,3,3
/students,Page not found - CodeClan,1,1
/students/5,Page not found - CodeClan,1,1
/terms-and-conditions/,Competition Terms & Conditions - Black Friday 2019 - CodeClan,1,1
/the-codeclan-experience/,The CodeClan Experience - Get a feel for life at CodeClan,67,56
/the-codeclan-experience/a-typical-day/,A Typical Day - The CodeClan Experience - CodeClan,108,100
/the-codeclan-experience/the-alumni/,The Alumni - The CodeClan Experience - CodeClan Edinburgh & Glasgow,60,57
/the-codeclan-experience/the-alumni/?elementor-preview=51&ver=1586186186,The Alumni - The CodeClan Experience - CodeClan Edinburgh & Glasgow,1,1
/the-codeclan-experience/the-curriculum/,Page not found - CodeClan,1,1
/understand-software-applications/,Understand How Software Applications Work - Upskilling Course - CodeClan,3,1
/updates/newsletter-thank-you/,Newsletter — thank you! - CodeClan,9,9
/webex,Page not found - CodeClan,1,1
/webinars/,Webinars - CodeClan,483,404
/webinars/?elementor-preview=19875&ver=1584633159,Webinars - CodeClan,2,2
/webinars/?elementor-preview=19875&ver=1584970506,Webinars - CodeClan,1,1
/webinars/?elementor-preview=19875&ver=1585118085,Webinars - CodeClan,1,1
/webinars/?elementor-preview=19875&ver=1585562676,Webinars - CodeClan,1,1
/webinars/?elementor-preview=19875&ver=1585578056,Webinars - CodeClan,1,1
/webinars/?elementor-preview=19875&ver=1585578158,Webinars - CodeClan,1,1
/webinars/?elementor-preview=19875&ver=1585645037,Webinars - CodeClan,1,1
/webinars/?elementor-preview=19875&ver=1585647757,Webinars - CodeClan,1,1
/webinars/?elementor-preview=19875&ver=1585753604,Webinars - CodeClan,1,1
/webinars/?elementor-preview=19875&ver=1585929109,Webinars - CodeClan,1,1
/webinars/?elementor-preview=19875&ver=1586252676,Webinars - CodeClan,1,1
/webinars/?elementor-preview=19875&ver=1586269278,Webinars - CodeClan,1,1
/webinars/?elementor-preview=19875&ver=1586421950,Webinars - CodeClan,1,1
/webinars/?elementor-preview=19875&ver=1586431262,Webinars - CodeClan,1,1
/webinars/?elementor-preview=19875&ver=1586432823,Webinars - CodeClan,1,1
/webinars/?elementor-preview=19875&ver=1586516409,Webinars - CodeClan,1,1
/webinars/?elementor-preview=19875&ver=1586520669,Webinars - CodeClan,1,1
/webinars/?elementor-preview=19875&ver=1586769400,Webinars - CodeClan,1,1
/webinars/?elementor-preview=19875&ver=1586775164,Webinars - CodeClan,1,1
/webinars/?fbclid=IwAR0DVoAHsDKhn1COx3wbeId2RmyGGwkN6YeEVqGCgzq9SXCFDqyEYFyeEes,Webinars - CodeClan,1,1
/webinars/?fbclid=IwAR0YsGs8frnLyu1Q9YQTE3eXZWtcHosku97_KkQWBi4D52UEDUmGKmtO2Yc,Webinars - CodeClan,1,1
/webinars/?fbclid=IwAR1ZjALev-prSz7RnhjJBGjfzgkizKP-nxDt67FrR_reT6hPhIoyhvxwcV8,Webinars - CodeClan,1,1
/webinars/?fbclid=IwAR2c7SPZcRR9idpP_kctJRycgeq8RqvgWd1NCJBlfEipulvbgvpscr34WCs,Webinars - CodeClan,1,1
/webinars/?fbclid=IwAR2h2oGSxo4ew1QYxMdZVttw6_-wO-pFBSYDUNrZPIJ8vlTJNHpz8m_dtrE,Webinars - CodeClan,2,2
/webinars/?fbclid=IwAR2kf07Fi3y1C4MVIlAxakYlB3HJ90jmqgXk9pq3JPyoA21zNOwTNMF4KSM,Webinars - CodeClan,3,2
/webinars/?fbclid=IwAR2Kp5S_h3fYqq1Raha_5Df2c59GWd0VYFmvVdRk0VC6xm8MXHoMu8PRhR4,Webinars - CodeClan,1,1
/webinars/?fbclid=IwAR2r8kbtO1UF0vnHKCseYbygeMJ8pXRS6CojbHlqvfugxYfVogu0hyw4CO4,Webinars - CodeClan,1,1
/webinars/?fbclid=IwAR32-YCc_YniV_rWqU5tVzXFlsRdCv44ifR6OM2eFq9LGYLiJ10Hr5uJxdg,Webinars - CodeClan,1,1
/webinars/?fbclid=IwAR3Y8F3G_PruHPZpkS804ypmxUbnDyHXQAC4jCKQoF-jl4b3AYUPjQw6dD4,Webinars - CodeClan,1,1
/webinars/?preview_id=19875&preview_nonce=295af978d6&preview=true,Webinars - CodeClan,1,1
/webinars/?preview_id=19875&preview_nonce=55f2ba9986&preview=true,Webinars - CodeClan,1,1
/webinars/?preview_id=19875&preview_nonce=dda609d1fc&preview=true,Webinars - CodeClan,1,1
/wp-admin/admissions@codeclan.com,Page not found - CodeClan,1,1
/wp-content/uploads/2020/03/CC-Professional-Software-Developement-Info-Booklet.pdf,Page not found - CodeClan,1,1
/wp-content/uploads/2020/03/DIGITAL-PSD-Info-Booklet-March-2020.pdff,Page not found - CodeClan,28,16
